{
    "model":     {
        "type": "select",
        "property": "custom_model_data",
        "fallback": {
            "type": "model",
            "model": "item/iron_sword"
        },
        "cases":    [
            {"when": "dlrod", "model": {"type": "model", "model": "item/dlrod"}},
            {"when": "dkng", "model": {"type": "model", "model": "item/dkng"}},
            {"when": "delf", "model": {"type": "model", "model": "item/delf"}},
            {"when": "devil", "model": {"type": "model", "model": "item/devil"}},
            {"when": "war_x1", "model": {"type": "model", "model": "item/war_x1"}}
        ]
    }
}