{
    "model":     {
        "type": "select",
        "property": "custom_model_data",
        "fallback": {
            "type": "model",
            "model": "item/stick"
        },
        "cases":    [
            {"when": "runner", "model": {"type": "model", "model": "item/runner"}},
            {"when": "wizard", "model": {"type": "model", "model": "item/wizard"}},
            {"when": "arh", "model": {"type": "model", "model": "item/arh"}},
            {"when": "thf", "model": {"type": "model", "model": "item/thf"}},
            {"when": "war_x2", "model": {"type": "model", "model": "item/war_x2"}}
        ]
    }
}