{
	"format_version": "1.21.6",
	"credit": "Made with Blockbench",
	"texture_size": [32, 32],
	"textures": {
		"0": "block/archer",
		"particle": "block/archer"
	},
	"elements": [
		{
			"from": [7.3, 0.9, 6.3],
			"to": [8.7, 6.1, 7.7],
			"rotation": {"angle": 0, "axis": "y", "origin": [7, 0, 6]},
			"faces": {
				"north": {"uv": [3, 0, 4, 3], "texture": "#0"},
				"east": {"uv": [3, 3, 4, 6], "texture": "#0"},
				"south": {"uv": [4, 0, 5, 3], "texture": "#0"},
				"west": {"uv": [4, 3, 5, 6], "texture": "#0"}
			}
		},
		{
			"from": [6.9, 0.8, 5.9],
			"to": [9.1, 1.5, 8.1],
			"rotation": {"angle": 0, "axis": "y", "origin": [7, -4.2, 6]},
			"faces": {
				"north": {"uv": [3.5, 6.5, 5, 7], "texture": "#0"},
				"east": {"uv": [6.5, 3.5, 8, 4], "texture": "#0"},
				"south": {"uv": [6.5, 4, 8, 4.5], "texture": "#0"},
				"west": {"uv": [6.5, 4.5, 8, 5], "texture": "#0"},
				"up": {"uv": [1.5, 6.5, 0, 5], "texture": "#0"},
				"down": {"uv": [6.5, 0, 5, 1.5], "texture": "#0"}
			}
		},
		{
			"from": [6.9, 3.4, 5.9],
			"to": [9.1, 4.1, 8.1],
			"rotation": {"angle": 0, "axis": "y", "origin": [7, -1.6, 6]},
			"faces": {
				"north": {"uv": [5, 6.5, 6.5, 7], "texture": "#0"},
				"east": {"uv": [6.5, 5, 8, 5.5], "texture": "#0"},
				"south": {"uv": [6.5, 5.5, 8, 6], "texture": "#0"},
				"west": {"uv": [6.5, 6.5, 8, 7], "texture": "#0"},
				"up": {"uv": [3, 6.5, 1.5, 5], "texture": "#0"},
				"down": {"uv": [6.5, 1.5, 5, 3], "texture": "#0"}
			}
		},
		{
			"from": [6.9, 5.8, 4.9],
			"to": [9.1, 6.3, 9.1],
			"rotation": {"angle": 0, "axis": "y", "origin": [7, 0.6, 6]},
			"faces": {
				"north": {"uv": [7, 0, 8.5, 0.5], "texture": "#0"},
				"east": {"uv": [3, 6, 5.5, 6.5], "texture": "#0"},
				"south": {"uv": [7, 0.5, 8.5, 1], "texture": "#0"},
				"west": {"uv": [5.5, 6, 8, 6.5], "texture": "#0"},
				"up": {"uv": [1.5, 2.5, 0, 0], "texture": "#0"},
				"down": {"uv": [3, 0, 1.5, 2.5], "texture": "#0"}
			}
		},
		{
			"from": [7.8, 6.3, 5.7],
			"to": [8.2, 11, 8.3],
			"rotation": {"angle": 0, "axis": "y", "origin": [7, 1.3, 6]},
			"faces": {
				"north": {"uv": [0, 6.5, 0.5, 9], "texture": "#0"},
				"east": {"uv": [0, 2.5, 1.5, 5], "texture": "#0"},
				"south": {"uv": [6.5, 0, 7, 2.5], "texture": "#0"},
				"west": {"uv": [1.5, 2.5, 3, 5], "texture": "#0"},
				"up": {"uv": [7.5, 2.5, 7, 1], "texture": "#0"}
			}
		},
		{
			"from": [7.8, 11, 6],
			"to": [8.2, 13.7, 8],
			"rotation": {"angle": 0, "axis": "y", "origin": [7, 6, 6]},
			"faces": {
				"north": {"uv": [4, 7, 4.5, 8.5], "texture": "#0"},
				"east": {"uv": [5, 3, 6.5, 4.5], "texture": "#0"},
				"south": {"uv": [4.5, 7, 5, 8.5], "texture": "#0"},
				"west": {"uv": [5, 4.5, 6.5, 6], "texture": "#0"},
				"up": {"uv": [5.5, 8.5, 5, 7], "texture": "#0"}
			}
		},
		{
			"from": [7.8, 13.7, 6.3],
			"to": [8.2, 15.4, 7.7],
			"rotation": {"angle": 0, "axis": "y", "origin": [7, 8.7, 6]},
			"faces": {
				"north": {"uv": [6, 7, 6.5, 8], "texture": "#0"},
				"east": {"uv": [2.5, 6.5, 3.5, 7.5], "texture": "#0"},
				"south": {"uv": [6.5, 7, 7, 8], "texture": "#0"},
				"west": {"uv": [6.5, 2.5, 7.5, 3.5], "texture": "#0"},
				"up": {"uv": [7.5, 8, 7, 7], "texture": "#0"}
			}
		},
		{
			"from": [7.8, 15.4, 6.6],
			"to": [8.2, 16.6, 7.4],
			"rotation": {"angle": 0, "axis": "y", "origin": [7, 10.4, 6]},
			"faces": {
				"north": {"uv": [1, 7.5, 1.5, 8.5], "texture": "#0"},
				"east": {"uv": [7.5, 1, 8, 2], "texture": "#0"},
				"south": {"uv": [1.5, 7.5, 2, 8.5], "texture": "#0"},
				"west": {"uv": [2, 7.5, 2.5, 8.5], "texture": "#0"},
				"up": {"uv": [8, 2.5, 7.5, 2], "texture": "#0"}
			}
		}
	],
	"display": {
		"thirdperson_righthand": {
			"translation": [0, 2.5, 2.75]
		},
		"thirdperson_lefthand": {
			"translation": [-0.25, 2.25, 2.5]
		},
		"firstperson_righthand": {
			"rotation": [-13.25, 0, 0],
			"translation": [4.25, 2, 0]
		},
		"firstperson_lefthand": {
			"rotation": [-13, 0, 0],
			"translation": [3.5, 2.5, 0]
		},
		"gui": {
			"rotation": [78.84, 42.2, -80.2],
			"translation": [0, -1, 0]
		}
	}
}