{
	"format_version": "1.21.6",
	"credit": "Made with Blockbench",
	"textures": {
		"0": "block/killer3",
		"particle": "block/killer3"
	},
	"elements": [
		{
			"from": [7.2, -1.55, 8.2],
			"to": [8.8, 5.55, 9.8],
			"rotation": {"angle": 0, "axis": "y", "origin": [7, 0, 8]},
			"faces": {
				"north": {"uv": [0, 0, 2, 8], "texture": "#0"},
				"east": {"uv": [2, 0, 4, 8], "texture": "#0"},
				"south": {"uv": [4, 0, 6, 8], "texture": "#0"},
				"west": {"uv": [6, 0, 8, 8], "texture": "#0"},
				"up": {"uv": [11, 7, 9, 5], "texture": "#0"},
				"down": {"uv": [11, 7, 9, 9], "texture": "#0"}
			}
		},
		{
			"from": [7, 0.75, 8],
			"to": [9, 1.25, 10],
			"rotation": {"angle": 0, "axis": "y", "origin": [7, 0, 8]},
			"faces": {
				"north": {"uv": [7, 12, 9, 13], "texture": "#0"},
				"east": {"uv": [11, 12, 13, 13], "texture": "#0"},
				"south": {"uv": [0, 13, 2, 14], "texture": "#0"},
				"west": {"uv": [6, 13, 8, 14], "texture": "#0"},
				"up": {"uv": [11, 11, 9, 9], "texture": "#0"},
				"down": {"uv": [12, 0, 10, 2], "texture": "#0"}
			}
		},
		{
			"from": [7, -0.75, 8],
			"to": [9, -0.25, 10],
			"rotation": {"angle": 0, "axis": "y", "origin": [7, -1.5, 8]},
			"faces": {
				"north": {"uv": [0, 14, 2, 15], "texture": "#0"},
				"east": {"uv": [14, 0, 16, 1], "texture": "#0"},
				"south": {"uv": [14, 1, 16, 2], "texture": "#0"},
				"west": {"uv": [2, 14, 4, 15], "texture": "#0"},
				"up": {"uv": [11, 13, 9, 11], "texture": "#0"},
				"down": {"uv": [13, 10, 11, 12], "texture": "#0"}
			}
		},
		{
			"from": [7, -1.75, 8],
			"to": [9, -1.25, 10],
			"rotation": {"angle": 0, "axis": "y", "origin": [7, -2.5, 8]},
			"faces": {
				"north": {"uv": [14, 2, 16, 3], "texture": "#0"},
				"east": {"uv": [14, 3, 16, 4], "texture": "#0"},
				"south": {"uv": [4, 14, 6, 15], "texture": "#0"},
				"west": {"uv": [14, 4, 16, 5], "texture": "#0"},
				"up": {"uv": [14, 2, 12, 0], "texture": "#0"},
				"down": {"uv": [4, 12, 2, 14], "texture": "#0"}
			}
		},
		{
			"from": [7, 2.05, 8],
			"to": [9, 2.55, 10],
			"rotation": {"angle": 0, "axis": "y", "origin": [7, 1.3, 8]},
			"faces": {
				"north": {"uv": [13, 6, 15, 7], "texture": "#0"},
				"east": {"uv": [13, 7, 15, 8], "texture": "#0"},
				"south": {"uv": [8, 13, 10, 14], "texture": "#0"},
				"west": {"uv": [13, 8, 15, 9], "texture": "#0"},
				"up": {"uv": [12, 4, 10, 2], "texture": "#0"},
				"down": {"uv": [9, 10, 7, 12], "texture": "#0"}
			}
		},
		{
			"from": [7, 3.55, 8],
			"to": [9, 4.05, 10],
			"rotation": {"angle": 0, "axis": "y", "origin": [7, 2.8, 8]},
			"faces": {
				"north": {"uv": [13, 10, 15, 11], "texture": "#0"},
				"east": {"uv": [13, 11, 15, 12], "texture": "#0"},
				"south": {"uv": [12, 13, 14, 14], "texture": "#0"},
				"west": {"uv": [13, 12, 15, 13], "texture": "#0"},
				"up": {"uv": [13, 8, 11, 6], "texture": "#0"},
				"down": {"uv": [13, 8, 11, 10], "texture": "#0"}
			}
		},
		{
			"from": [6.8, 5.35, 7.05],
			"to": [9.2, 5.85, 10.95],
			"rotation": {"angle": 0, "axis": "y", "origin": [7, 4.6, 8]},
			"faces": {
				"north": {"uv": [13, 9, 15, 10], "texture": "#0"},
				"east": {"uv": [10, 4, 14, 5], "texture": "#0"},
				"south": {"uv": [10, 13, 12, 14], "texture": "#0"},
				"west": {"uv": [11, 5, 15, 6], "texture": "#0"},
				"up": {"uv": [4, 12, 2, 8], "texture": "#0"},
				"down": {"uv": [6, 8, 4, 12], "texture": "#0"}
			}
		},
		{
			"from": [7.9, 5.85, 7.8],
			"to": [8.1, 10.55, 10.2],
			"rotation": {"angle": 0, "axis": "y", "origin": [7, 7.6, 8]},
			"faces": {
				"north": {"uv": [8, 5, 9, 10], "texture": "#0"},
				"east": {"uv": [0, 8, 2, 13], "texture": "#0"},
				"south": {"uv": [6, 8, 7, 13], "texture": "#0"},
				"west": {"uv": [8, 0, 10, 5], "texture": "#0"},
				"up": {"uv": [8, 10, 7, 8], "texture": "#0"},
				"down": {"uv": [7, 14, 6, 16], "texture": "#0"}
			}
		},
		{
			"from": [7.9, 10.55, 8.15],
			"to": [8.1, 12.25, 9.85],
			"rotation": {"angle": 0, "axis": "y", "origin": [7, 12.3, 8]},
			"faces": {
				"north": {"uv": [7, 14, 8, 16], "texture": "#0"},
				"east": {"uv": [12, 2, 14, 4], "texture": "#0"},
				"south": {"uv": [8, 14, 9, 16], "texture": "#0"},
				"west": {"uv": [4, 12, 6, 14], "texture": "#0"},
				"up": {"uv": [10, 16, 9, 14], "texture": "#0"},
				"down": {"uv": [11, 14, 10, 16], "texture": "#0"}
			}
		},
		{
			"from": [7.9, 12.25, 8.45],
			"to": [8.1, 13.55, 9.55],
			"rotation": {"angle": 0, "axis": "y", "origin": [7, 14, 8]},
			"faces": {
				"north": {"uv": [11, 14, 12, 15], "texture": "#0"},
				"east": {"uv": [12, 14, 13, 15], "texture": "#0"},
				"south": {"uv": [13, 14, 14, 15], "texture": "#0"},
				"west": {"uv": [14, 13, 15, 14], "texture": "#0"},
				"up": {"uv": [15, 15, 14, 14], "texture": "#0"},
				"down": {"uv": [1, 15, 0, 16], "texture": "#0"}
			}
		},
		{
			"from": [8, 13.55, 8.65],
			"to": [8, 14.15, 9.35],
			"rotation": {"angle": 0, "axis": "y", "origin": [7, 15.3, 8]},
			"faces": {
				"north": {"uv": [0, 0, 0, 1], "texture": "#0"},
				"east": {"uv": [1, 15, 2, 16], "texture": "#0"},
				"south": {"uv": [0, 0, 0, 1], "texture": "#0"},
				"west": {"uv": [2, 15, 3, 16], "texture": "#0"},
				"up": {"uv": [0, 1, 0, 0], "texture": "#0"},
				"down": {"uv": [0, 0, 0, 1], "texture": "#0"}
			}
		}
	],
	"display": {
		"thirdperson_righthand": {
			"translation": [0, 3, 0.75]
		},
		"thirdperson_lefthand": {
			"translation": [0.25, 3.25, 1]
		},
		"firstperson_righthand": {
			"rotation": [-13.5, 0, 0],
			"translation": [1.5, 4.5, 0]
		},
		"firstperson_lefthand": {
			"rotation": [-29.25, 0, 0],
			"translation": [0.5, 3.5, 0]
		},
		"gui": {
			"rotation": [-78.6, 48.71, 81.38],
			"translation": [-1.75, 0.5, 0]
		}
	}
}