{
	"format_version": "1.21.6",
	"credit": "Made with Blockbench",
	"textures": {
		"0": "block/dev",
		"1": "block/deveye",
		"particle": "block/dev"
	},
	"elements": [
		{
			"from": [7, -8.5, 7],
			"to": [9, 10.6, 9],
			"rotation": {"angle": 0, "axis": "y", "origin": [7, -13, 7]},
			"faces": {
				"north": {"uv": [0, 2, 0.5, 6.75], "texture": "#0"},
				"east": {"uv": [0.5, 2, 1, 6.75], "texture": "#0"},
				"south": {"uv": [1, 2, 1.5, 6.75], "texture": "#0"},
				"west": {"uv": [1.5, 2, 2, 6.75], "texture": "#0"},
				"up": {"uv": [7, 6.5, 6.5, 6], "texture": "#0"},
				"down": {"uv": [7, 6.5, 6.5, 7], "texture": "#0"}
			}
		},
		{
			"from": [6.8, -7.6, 6.8],
			"to": [9.2, -6.2, 9.2],
			"rotation": {"angle": 0, "axis": "y", "origin": [7, -18.7, 7]},
			"faces": {
				"north": {"uv": [7.25, 0.25, 7.75, 0.5], "texture": "#0"},
				"east": {"uv": [7.25, 0.5, 7.75, 0.75], "texture": "#0"},
				"south": {"uv": [0.75, 7.25, 1.25, 7.5], "texture": "#0"},
				"west": {"uv": [7.25, 0.75, 7.75, 1], "texture": "#0"},
				"up": {"uv": [0.5, 7.25, 0, 6.75], "texture": "#0"},
				"down": {"uv": [7.25, 0, 6.75, 0.5], "texture": "#0"}
			}
		},
		{
			"from": [5, 5, 8.6],
			"to": [7, 6.1, 11.9],
			"rotation": {"angle": 0, "axis": "y", "origin": [5, 4.7, 11.6]},
			"faces": {
				"north": {"uv": [7.25, 1, 7.75, 1.25], "texture": "#0"},
				"east": {"uv": [5.75, 7, 6.5, 7.25], "texture": "#0"},
				"south": {"uv": [1.25, 7.25, 1.75, 7.5], "texture": "#0"},
				"west": {"uv": [7, 6, 7.75, 6.25], "texture": "#0"},
				"up": {"uv": [6.5, 6.25, 6, 5.5], "texture": "#0"},
				"down": {"uv": [6.75, 0, 6.25, 0.75], "texture": "#0"}
			}
		},
		{
			"from": [5, 3, 10.1],
			"to": [7, 4, 11.1],
			"rotation": {"angle": 0, "axis": "y", "origin": [5, 2, 9.8]},
			"faces": {
				"north": {"uv": [7.25, 1.25, 7.75, 1.5], "texture": "#0"},
				"east": {"uv": [4.25, 1.75, 4.5, 2], "texture": "#0"},
				"south": {"uv": [7.25, 1.5, 7.75, 1.75], "texture": "#0"},
				"west": {"uv": [4.5, 3.5, 4.75, 3.75], "texture": "#0"},
				"up": {"uv": [7.75, 2, 7.25, 1.75], "texture": "#0"},
				"down": {"uv": [7.75, 2, 7.25, 2.25], "texture": "#0"}
			}
		},
		{
			"from": [5, 3, 8.2],
			"to": [7, 4, 9.2],
			"rotation": {"angle": 0, "axis": "y", "origin": [5, 2, 7.9]},
			"faces": {
				"north": {"uv": [7.25, 2.25, 7.75, 2.5], "texture": "#0"},
				"east": {"uv": [5.5, 1.5, 5.75, 1.75], "texture": "#0"},
				"south": {"uv": [7.25, 2.5, 7.75, 2.75], "texture": "#0"},
				"west": {"uv": [5.25, 6.25, 5.5, 6.5], "texture": "#0"},
				"up": {"uv": [7.75, 3, 7.25, 2.75], "texture": "#0"},
				"down": {"uv": [5.5, 7.25, 5, 7.5], "texture": "#0"}
			}
		},
		{
			"from": [5, 3, 6.5],
			"to": [7, 4, 7.5],
			"rotation": {"angle": 0, "axis": "y", "origin": [5, 2, 6.2]},
			"faces": {
				"north": {"uv": [5.5, 7.25, 6, 7.5], "texture": "#0"},
				"east": {"uv": [2.5, 6.75, 2.75, 7], "texture": "#0"},
				"south": {"uv": [6, 7.25, 6.5, 7.5], "texture": "#0"},
				"west": {"uv": [5, 7, 5.25, 7.25], "texture": "#0"},
				"up": {"uv": [7, 7.5, 6.5, 7.25], "texture": "#0"},
				"down": {"uv": [7.5, 7.25, 7, 7.5], "texture": "#0"}
			}
		},
		{
			"from": [5, 3, 4.9],
			"to": [7, 4, 5.9],
			"rotation": {"angle": 0, "axis": "y", "origin": [5, 2, 4.6]},
			"faces": {
				"north": {"uv": [7.25, 7, 7.75, 7.25], "texture": "#0"},
				"east": {"uv": [1.75, 7.25, 2, 7.5], "texture": "#0"},
				"south": {"uv": [0, 7.5, 0.5, 7.75], "texture": "#0"},
				"west": {"uv": [6.75, 7.75, 7, 8], "texture": "#0"},
				"up": {"uv": [1, 7.75, 0.5, 7.5], "texture": "#0"},
				"down": {"uv": [1.5, 7.5, 1, 7.75], "texture": "#0"}
			}
		},
		{
			"from": [5, 3.9, 4.7],
			"to": [7, 5, 11.3],
			"rotation": {"angle": 0, "axis": "y", "origin": [5, 3.6, 7]},
			"faces": {
				"north": {"uv": [1.5, 7.5, 2, 7.75], "texture": "#0"},
				"east": {"uv": [5.75, 3.5, 7.5, 3.75], "texture": "#0"},
				"south": {"uv": [2, 7.5, 2.5, 7.75], "texture": "#0"},
				"west": {"uv": [5.75, 3.75, 7.5, 4], "texture": "#0"},
				"up": {"uv": [5.25, 5.25, 4.75, 3.5], "texture": "#0"},
				"down": {"uv": [5.5, 0, 5, 1.75], "texture": "#0"}
			}
		},
		{
			"from": [5, 6, 7.3],
			"to": [7, 8, 8.7],
			"rotation": {"angle": 0, "axis": "y", "origin": [5, 6, 7]},
			"faces": {
				"north": {"uv": [0.5, 6.75, 1, 7.25], "texture": "#0"},
				"east": {"uv": [5.5, 1, 5.75, 1.5], "texture": "#0"},
				"south": {"uv": [6.75, 0.5, 7.25, 1], "texture": "#0"},
				"west": {"uv": [2.5, 5.75, 2.75, 6.25], "texture": "#0"},
				"up": {"uv": [3, 7.75, 2.5, 7.5], "texture": "#0"},
				"down": {"uv": [3.5, 7.5, 3, 7.75], "texture": "#0"}
			}
		},
		{
			"from": [5, 5, 4],
			"to": [7, 6.1, 7.3],
			"rotation": {"angle": 0, "axis": "y", "origin": [5, 4.7, 7]},
			"faces": {
				"north": {"uv": [7.5, 3, 8, 3.25], "texture": "#0"},
				"east": {"uv": [7, 6.25, 7.75, 6.5], "texture": "#0"},
				"south": {"uv": [7.5, 3.25, 8, 3.5], "texture": "#0"},
				"west": {"uv": [6.5, 7, 7.25, 7.25], "texture": "#0"},
				"up": {"uv": [6.75, 1.5, 6.25, 0.75], "texture": "#0"},
				"down": {"uv": [6.75, 1.5, 6.25, 2.25], "texture": "#0"}
			}
		},
		{
			"from": [5, 6, 10.5],
			"to": [7, 8, 11.9],
			"rotation": {"angle": 0, "axis": "y", "origin": [5, 6, 10.2]},
			"faces": {
				"north": {"uv": [1, 6.75, 1.5, 7.25], "texture": "#0"},
				"east": {"uv": [2.5, 6.25, 2.75, 6.75], "texture": "#0"},
				"south": {"uv": [6.75, 1, 7.25, 1.5], "texture": "#0"},
				"west": {"uv": [5.75, 6.5, 6, 7], "texture": "#0"},
				"up": {"uv": [4, 7.75, 3.5, 7.5], "texture": "#0"},
				"down": {"uv": [8, 3.5, 7.5, 3.75], "texture": "#0"}
			}
		},
		{
			"from": [5, 6, 4],
			"to": [7, 8, 5.4],
			"rotation": {"angle": 0, "axis": "y", "origin": [5, 6, 3.7]},
			"faces": {
				"north": {"uv": [1.5, 6.75, 2, 7.25], "texture": "#0"},
				"east": {"uv": [7.5, 3.75, 7.75, 4.25], "texture": "#0"},
				"south": {"uv": [6.75, 1.5, 7.25, 2], "texture": "#0"},
				"west": {"uv": [4, 7.5, 4.25, 8], "texture": "#0"},
				"up": {"uv": [4.75, 7.75, 4.25, 7.5], "texture": "#0"},
				"down": {"uv": [8, 4.25, 7.5, 4.5], "texture": "#0"}
			}
		},
		{
			"from": [5, 8, 4.7],
			"to": [7, 9.4, 11.3],
			"rotation": {"angle": 0, "axis": "y", "origin": [5, 8, 7]},
			"faces": {
				"north": {"uv": [7.5, 4.5, 8, 4.75], "texture": "#0"},
				"east": {"uv": [5.75, 4, 7.5, 4.25], "texture": "#0"},
				"south": {"uv": [4.75, 7.5, 5.25, 7.75], "texture": "#0"},
				"west": {"uv": [5.75, 4.25, 7.5, 4.5], "texture": "#0"},
				"up": {"uv": [5.75, 3.5, 5.25, 1.75], "texture": "#0"},
				"down": {"uv": [3.25, 5.25, 2.75, 7], "texture": "#0"}
			}
		},
		{
			"from": [5, 9.3, 5.6],
			"to": [7, 10.7, 10.4],
			"rotation": {"angle": 0, "axis": "y", "origin": [5, 9.3, 7]},
			"faces": {
				"north": {"uv": [7.5, 4.75, 8, 5], "texture": "#0"},
				"east": {"uv": [6.25, 3, 7.5, 3.25], "texture": "#0"},
				"south": {"uv": [7.5, 5, 8, 5.25], "texture": "#0"},
				"west": {"uv": [6.25, 3.25, 7.5, 3.5], "texture": "#0"},
				"up": {"uv": [6, 6.5, 5.5, 5.25], "texture": "#0"},
				"down": {"uv": [6.25, 1, 5.75, 2.25], "texture": "#0"}
			}
		},
		{
			"from": [8.9, 5, 8.6],
			"to": [10.9, 6.1, 11.9],
			"rotation": {"angle": 0, "axis": "y", "origin": [8.9, 4.7, 11.6]},
			"faces": {
				"north": {"uv": [5.25, 7.5, 5.75, 7.75], "texture": "#0"},
				"east": {"uv": [7, 6.5, 7.75, 6.75], "texture": "#0"},
				"south": {"uv": [5.75, 7.5, 6.25, 7.75], "texture": "#0"},
				"west": {"uv": [7, 6.75, 7.75, 7], "texture": "#0"},
				"up": {"uv": [6.75, 3, 6.25, 2.25], "texture": "#0"},
				"down": {"uv": [5.25, 6.25, 4.75, 7], "texture": "#0"}
			}
		},
		{
			"from": [8.9, 3, 10.1],
			"to": [10.9, 4, 11.1],
			"rotation": {"angle": 0, "axis": "y", "origin": [8.9, 2, 9.8]},
			"faces": {
				"north": {"uv": [6.25, 7.5, 6.75, 7.75], "texture": "#0"},
				"east": {"uv": [7.75, 6.75, 8, 7], "texture": "#0"},
				"south": {"uv": [6.75, 7.5, 7.25, 7.75], "texture": "#0"},
				"west": {"uv": [7, 7.75, 7.25, 8], "texture": "#0"},
				"up": {"uv": [7.75, 7.75, 7.25, 7.5], "texture": "#0"},
				"down": {"uv": [8, 7.25, 7.5, 7.5], "texture": "#0"}
			}
		},
		{
			"from": [8.9, 3, 8.2],
			"to": [10.9, 4, 9.2],
			"rotation": {"angle": 0, "axis": "y", "origin": [8.9, 2, 7.9]},
			"faces": {
				"north": {"uv": [0, 7.75, 0.5, 8], "texture": "#0"},
				"east": {"uv": [7.75, 7, 8, 7.25], "texture": "#0"},
				"south": {"uv": [7.75, 0.25, 8.25, 0.5], "texture": "#0"},
				"west": {"uv": [7.25, 7.75, 7.5, 8], "texture": "#0"},
				"up": {"uv": [1, 8, 0.5, 7.75], "texture": "#0"},
				"down": {"uv": [8.25, 0.5, 7.75, 0.75], "texture": "#0"}
			}
		},
		{
			"from": [8.9, 3, 6.5],
			"to": [10.9, 4, 7.5],
			"rotation": {"angle": 0, "axis": "y", "origin": [8.9, 2, 6.2]},
			"faces": {
				"north": {"uv": [7.75, 0.75, 8.25, 1], "texture": "#0"},
				"east": {"uv": [7.5, 7.75, 7.75, 8], "texture": "#0"},
				"south": {"uv": [1, 7.75, 1.5, 8], "texture": "#0"},
				"west": {"uv": [7.75, 7.5, 8, 7.75], "texture": "#0"},
				"up": {"uv": [8.25, 1.25, 7.75, 1], "texture": "#0"},
				"down": {"uv": [8.25, 1.25, 7.75, 1.5], "texture": "#0"}
			}
		},
		{
			"from": [8.9, 3, 4.9],
			"to": [10.9, 4, 5.9],
			"rotation": {"angle": 0, "axis": "y", "origin": [8.9, 2, 4.6]},
			"faces": {
				"north": {"uv": [1.5, 7.75, 2, 8], "texture": "#0"},
				"east": {"uv": [7.75, 7.75, 8, 8], "texture": "#0"},
				"south": {"uv": [7.75, 1.5, 8.25, 1.75], "texture": "#0"},
				"west": {"uv": [0, 8, 0.25, 8.25], "texture": "#0"},
				"up": {"uv": [8.25, 2, 7.75, 1.75], "texture": "#0"},
				"down": {"uv": [2.5, 7.75, 2, 8], "texture": "#0"}
			}
		},
		{
			"from": [8.9, 3.9, 4.7],
			"to": [10.9, 5, 11.3],
			"rotation": {"angle": 0, "axis": "y", "origin": [8.9, 3.6, 7]},
			"faces": {
				"north": {"uv": [7.75, 2, 8.25, 2.25], "texture": "#0"},
				"east": {"uv": [5.75, 4.5, 7.5, 4.75], "texture": "#0"},
				"south": {"uv": [7.75, 2.25, 8.25, 2.5], "texture": "#0"},
				"west": {"uv": [5.75, 4.75, 7.5, 5], "texture": "#0"},
				"up": {"uv": [3.75, 7, 3.25, 5.25], "texture": "#0"},
				"down": {"uv": [5.75, 3.5, 5.25, 5.25], "texture": "#0"}
			}
		},
		{
			"from": [8.9, 6, 7.3],
			"to": [10.9, 8, 8.7],
			"rotation": {"angle": 0, "axis": "y", "origin": [8.9, 6, 7]},
			"faces": {
				"north": {"uv": [6.75, 2, 7.25, 2.5], "texture": "#0"},
				"east": {"uv": [2.5, 7.75, 2.75, 8.25], "texture": "#0"},
				"south": {"uv": [6.75, 2.5, 7.25, 3], "texture": "#0"},
				"west": {"uv": [7.75, 2.5, 8, 3], "texture": "#0"},
				"up": {"uv": [3.25, 8, 2.75, 7.75], "texture": "#0"},
				"down": {"uv": [3.75, 7.75, 3.25, 8], "texture": "#0"}
			}
		},
		{
			"from": [8.9, 5, 4],
			"to": [10.9, 6.1, 7.3],
			"rotation": {"angle": 0, "axis": "y", "origin": [8.9, 4.7, 7]},
			"faces": {
				"north": {"uv": [7.75, 3.75, 8.25, 4], "texture": "#0"},
				"east": {"uv": [0, 7.25, 0.75, 7.5], "texture": "#0"},
				"south": {"uv": [7.75, 4, 8.25, 4.25], "texture": "#0"},
				"west": {"uv": [7.25, 0, 8, 0.25], "texture": "#0"},
				"up": {"uv": [6.5, 7, 6, 6.25], "texture": "#0"},
				"down": {"uv": [5.75, 6.5, 5.25, 7.25], "texture": "#0"}
			}
		},
		{
			"from": [8.9, 6, 10.5],
			"to": [10.9, 8, 11.9],
			"rotation": {"angle": 0, "axis": "y", "origin": [8.9, 6, 10.2]},
			"faces": {
				"north": {"uv": [2, 7, 2.5, 7.5], "texture": "#0"},
				"east": {"uv": [3.75, 7.75, 4, 8.25], "texture": "#0"},
				"south": {"uv": [2.5, 7, 3, 7.5], "texture": "#0"},
				"west": {"uv": [4.25, 7.75, 4.5, 8.25], "texture": "#0"},
				"up": {"uv": [5, 8, 4.5, 7.75], "texture": "#0"},
				"down": {"uv": [5.5, 7.75, 5, 8], "texture": "#0"}
			}
		},
		{
			"from": [8.9, 6, 4],
			"to": [10.9, 8, 5.4],
			"rotation": {"angle": 0, "axis": "y", "origin": [8.9, 6, 3.7]},
			"faces": {
				"north": {"uv": [3, 7, 3.5, 7.5], "texture": "#0"},
				"east": {"uv": [7.75, 5.25, 8, 5.75], "texture": "#0"},
				"south": {"uv": [3.5, 7, 4, 7.5], "texture": "#0"},
				"west": {"uv": [5.5, 7.75, 5.75, 8.25], "texture": "#0"},
				"up": {"uv": [6.25, 8, 5.75, 7.75], "texture": "#0"},
				"down": {"uv": [8.25, 5.75, 7.75, 6], "texture": "#0"}
			}
		},
		{
			"from": [8.9, 8, 4.7],
			"to": [10.9, 9.4, 11.3],
			"rotation": {"angle": 0, "axis": "y", "origin": [8.9, 8, 7]},
			"faces": {
				"north": {"uv": [7.75, 6, 8.25, 6.25], "texture": "#0"},
				"east": {"uv": [5.75, 5, 7.5, 5.25], "texture": "#0"},
				"south": {"uv": [6.25, 7.75, 6.75, 8], "texture": "#0"},
				"west": {"uv": [6, 5.25, 7.75, 5.5], "texture": "#0"},
				"up": {"uv": [4.25, 7, 3.75, 5.25], "texture": "#0"},
				"down": {"uv": [4.75, 5.25, 4.25, 7], "texture": "#0"}
			}
		},
		{
			"from": [8.9, 9.3, 5.6],
			"to": [10.9, 10.7, 10.4],
			"rotation": {"angle": 0, "axis": "y", "origin": [8.9, 9.3, 7]},
			"faces": {
				"north": {"uv": [7.75, 6.25, 8.25, 6.5], "texture": "#0"},
				"east": {"uv": [6.5, 5.5, 7.75, 5.75], "texture": "#0"},
				"south": {"uv": [7.75, 6.5, 8.25, 6.75], "texture": "#0"},
				"west": {"uv": [6.5, 5.75, 7.75, 6], "texture": "#0"},
				"up": {"uv": [2.5, 7, 2, 5.75], "texture": "#0"},
				"down": {"uv": [6.25, 2.25, 5.75, 3.5], "texture": "#0"}
			}
		},
		{
			"from": [6.4, 3.9, 5.2],
			"to": [9.4, 10.2, 10.8],
			"rotation": {"angle": 0, "axis": "y", "origin": [6.9, 8, 7]},
			"faces": {
				"north": {"uv": [3.5, 0, 4.25, 2], "texture": "#0"},
				"east": {"uv": [0, 0, 1.75, 2], "texture": "#0"},
				"south": {"uv": [2, 3.75, 2.75, 5.75], "texture": "#0"},
				"west": {"uv": [1.75, 0, 3.5, 2], "texture": "#0"},
				"up": {"uv": [5, 1.75, 4.25, 0], "texture": "#0"},
				"down": {"uv": [5.25, 1.75, 4.5, 3.5], "texture": "#0"}
			}
		},
		{
			"from": [7.9, 9.6, 5.7],
			"to": [7.9, 16.8, 10.8],
			"rotation": {"angle": 0, "axis": "y", "origin": [6.9, 16, 6.5]},
			"faces": {
				"north": {"uv": [0, 0, 0, 1.75], "texture": "#0"},
				"east": {"uv": [2, 2, 3.25, 3.75], "texture": "#0"},
				"south": {"uv": [0, 0, 0, 1.75], "texture": "#0"},
				"west": {"uv": [3.25, 2, 4.5, 3.75], "texture": "#0"},
				"up": {"uv": [0, 1.25, 0, 0], "texture": "#0"},
				"down": {"uv": [0, 0, 0, 1.25], "texture": "#0"}
			}
		},
		{
			"from": [7.9, 16.8, 6.4],
			"to": [7.9, 22.7, 10.8],
			"rotation": {"angle": 0, "axis": "y", "origin": [6.9, 23.2, 6.5]},
			"faces": {
				"north": {"uv": [0, 0, 0, 1.5], "texture": "#0"},
				"east": {"uv": [2.75, 3.75, 3.75, 5.25], "texture": "#0"},
				"south": {"uv": [0, 0, 0, 1.5], "texture": "#0"},
				"west": {"uv": [3.75, 3.75, 4.75, 5.25], "texture": "#0"},
				"up": {"uv": [0, 1, 0, 0], "texture": "#0"},
				"down": {"uv": [0, 0, 0, 1], "texture": "#0"}
			}
		},
		{
			"from": [7.9, 22.7, 7.4],
			"to": [7.9, 26.4, 10.8],
			"rotation": {"angle": 0, "axis": "y", "origin": [6.9, 29.6, 6.5]},
			"faces": {
				"north": {"uv": [0, 0, 0, 1], "texture": "#0"},
				"east": {"uv": [4.75, 5.25, 5.5, 6.25], "texture": "#0"},
				"south": {"uv": [0, 0, 0, 1], "texture": "#0"},
				"west": {"uv": [5.5, 0, 6.25, 1], "texture": "#0"},
				"up": {"uv": [0, 0.75, 0, 0], "texture": "#0"},
				"down": {"uv": [0, 0, 0, 0.75], "texture": "#0"}
			}
		},
		{
			"from": [7.9, 26.3, 8.6],
			"to": [7.9, 28.4, 10.8],
			"rotation": {"angle": 0, "axis": "y", "origin": [6.9, 33.2, 6.5]},
			"faces": {
				"north": {"uv": [0, 0, 0, 0.5], "texture": "#0"},
				"east": {"uv": [4, 7, 4.5, 7.5], "texture": "#0"},
				"south": {"uv": [0, 0, 0, 0.5], "texture": "#0"},
				"west": {"uv": [4.5, 7, 5, 7.5], "texture": "#0"},
				"up": {"uv": [0, 0.5, 0, 0], "texture": "#0"},
				"down": {"uv": [0, 0, 0, 0.5], "texture": "#0"}
			}
		},
		{
			"from": [7.9, 28.4, 9.6],
			"to": [7.9, 29.7, 10.8],
			"rotation": {"angle": 0, "axis": "y", "origin": [6.9, 35.3, 6.5]},
			"faces": {
				"north": {"uv": [0, 0, 0, 0.25], "texture": "#0"},
				"east": {"uv": [8, 0, 8.25, 0.25], "texture": "#0"},
				"south": {"uv": [0, 0, 0, 0.25], "texture": "#0"},
				"west": {"uv": [0.25, 8, 0.5, 8.25], "texture": "#0"},
				"up": {"uv": [0, 0.25, 0, 0], "texture": "#0"},
				"down": {"uv": [0, 0, 0, 0.25], "texture": "#0"}
			}
		},
		{
			"from": [5.7, 6.8, 6],
			"to": [6.3, 7.4, 6.6],
			"rotation": {"angle": 0, "axis": "y", "origin": [5, 6.1, 5.3]},
			"faces": {
				"north": {"uv": [2, 4, 4, 6], "texture": "#1"},
				"east": {"uv": [4, 2, 6, 4], "texture": "#1"},
				"south": {"uv": [4, 4, 6, 6], "texture": "#1"},
				"west": {"uv": [0, 6, 2, 8], "texture": "#1"},
				"up": {"uv": [8, 2, 6, 0], "texture": "#1"},
				"down": {"uv": [4, 6, 2, 8], "texture": "#1"}
			}
		},
		{
			"from": [9.5, 6.8, 6],
			"to": [10.1, 7.4, 6.6],
			"rotation": {"angle": 0, "axis": "y", "origin": [8.8, 6.1, 5.3]},
			"faces": {
				"north": {"uv": [6, 2, 8, 4], "texture": "#1"},
				"east": {"uv": [4, 6, 6, 8], "texture": "#1"},
				"south": {"uv": [6, 4, 8, 6], "texture": "#1"},
				"west": {"uv": [6, 6, 8, 8], "texture": "#1"},
				"up": {"uv": [2, 10, 0, 8], "texture": "#1"},
				"down": {"uv": [10, 0, 8, 2], "texture": "#1"}
			}
		},
		{
			"from": [5.7, 6.8, 9.3],
			"to": [6.3, 7.4, 9.9],
			"rotation": {"angle": 0, "axis": "y", "origin": [5, 6.1, 8.6]},
			"faces": {
				"north": {"uv": [0, 0, 2, 2], "texture": "#1"},
				"east": {"uv": [0, 2, 2, 4], "texture": "#1"},
				"south": {"uv": [2, 0, 4, 2], "texture": "#1"},
				"west": {"uv": [2, 2, 4, 4], "texture": "#1"},
				"up": {"uv": [2, 6, 0, 4], "texture": "#1"},
				"down": {"uv": [6, 0, 4, 2], "texture": "#1"}
			}
		},
		{
			"from": [9.5, 6.8, 9.3],
			"to": [10.1, 7.4, 9.9],
			"rotation": {"angle": 0, "axis": "y", "origin": [8.8, 6.1, 8.6]},
			"faces": {
				"north": {"uv": [2, 8, 4, 10], "texture": "#1"},
				"east": {"uv": [8, 2, 10, 4], "texture": "#1"},
				"south": {"uv": [4, 8, 6, 10], "texture": "#1"},
				"west": {"uv": [8, 4, 10, 6], "texture": "#1"},
				"up": {"uv": [8, 10, 6, 8], "texture": "#1"},
				"down": {"uv": [10, 6, 8, 8], "texture": "#1"}
			}
		}
	],
	"display": {
		"thirdperson_righthand": {
			"translation": [0, 5.5, 1.5]
		},
		"thirdperson_lefthand": {
			"translation": [0.25, 5.5, 1.5]
		},
		"firstperson_righthand": {
			"rotation": [-17.86, 13.79, -0.57],
			"translation": [2.5, 4.75, 0],
			"scale": [0.73438, 0.83008, 0.88867]
		},
		"firstperson_lefthand": {
			"rotation": [-15.27, 21.58, 1.55],
			"translation": [1.75, 4.75, -0.75],
			"scale": [0.68359, 0.79688, 0.73242]
		},
		"gui": {
			"rotation": [-91.8, 46.21, 91.33],
			"translation": [0, -1, 0],
			"scale": [1, 0.48633, 0.47461]
		}
	},
	"groups": [
		0,
		1,
		{
			"name": "group",
			"origin": [5, 4.7, 11.6],
			"color": 0,
			"children": [2, 3, 4, 5, 6, 7, 8, 9, 10, 11, 12, 13]
		},
		{
			"name": "group",
			"origin": [5, 4.7, 11.6],
			"color": 0,
			"children": [14, 15, 16, 17, 18, 19, 20, 21, 22, 23, 24, 25]
		},
		26,
		27,
		28,
		29,
		30,
		31,
		32,
		33,
		34,
		35
	]
}