{
	"format_version": "1.21.6",
	"credit": "Made with Blockbench",
	"texture_size": [64, 64],
	"textures": {
		"0": "block/kng",
		"particle": "block/kng"
	},
	"elements": [
		{
			"from": [7, -12.6, 7],
			"to": [9, -7.1, 9],
			"rotation": {"angle": 0, "axis": "y", "origin": [7, -3.4, 7]},
			"faces": {
				"north": {"uv": [3, 9.25, 3.5, 10.5], "texture": "#0"},
				"east": {"uv": [3.5, 9.25, 4, 10.5], "texture": "#0"},
				"south": {"uv": [9, 9.25, 9.5, 10.5], "texture": "#0"},
				"west": {"uv": [9.5, 0, 10, 1.25], "texture": "#0"},
				"up": {"uv": [10.75, 1, 10.25, 0.5], "texture": "#0"},
				"down": {"uv": [10.75, 1, 10.25, 1.5], "texture": "#0"}
			}
		},
		{
			"from": [7, -13.9, 8.6],
			"to": [9, -12.6, 10.2],
			"rotation": {"angle": 0, "axis": "y", "origin": [7, -3.3, 8.4]},
			"faces": {
				"north": {"uv": [10.25, 2.75, 10.75, 3], "texture": "#0"},
				"east": {"uv": [10.25, 3, 10.75, 3.25], "texture": "#0"},
				"south": {"uv": [10.25, 3.25, 10.75, 3.5], "texture": "#0"},
				"west": {"uv": [10.25, 3.5, 10.75, 3.75], "texture": "#0"},
				"up": {"uv": [10.5, 10.25, 10, 9.75], "texture": "#0"},
				"down": {"uv": [10.75, 0, 10.25, 0.5], "texture": "#0"}
			}
		},
		{
			"from": [7, -13.9, 5.8],
			"to": [9, -12.6, 7.4],
			"rotation": {"angle": 0, "axis": "y", "origin": [7, -3.3, 5.6]},
			"faces": {
				"north": {"uv": [10.25, 1.75, 10.75, 2], "texture": "#0"},
				"east": {"uv": [10.25, 2, 10.75, 2.25], "texture": "#0"},
				"south": {"uv": [10.25, 2.25, 10.75, 2.5], "texture": "#0"},
				"west": {"uv": [10.25, 2.5, 10.75, 2.75], "texture": "#0"},
				"up": {"uv": [10.5, 9.25, 10, 8.75], "texture": "#0"},
				"down": {"uv": [10.5, 9.25, 10, 9.75], "texture": "#0"}
			}
		},
		{
			"from": [7, -15.2, 7.3],
			"to": [9, -13.9, 8.9],
			"rotation": {"angle": 0, "axis": "y", "origin": [7, -4.6, 7.1]},
			"faces": {
				"north": {"uv": [7, 5.5, 7.5, 5.75], "texture": "#0"},
				"east": {"uv": [7.5, 5.5, 8, 5.75], "texture": "#0"},
				"south": {"uv": [8, 5.5, 8.5, 5.75], "texture": "#0"},
				"west": {"uv": [10.25, 1.5, 10.75, 1.75], "texture": "#0"},
				"up": {"uv": [7, 10.5, 6.5, 10], "texture": "#0"},
				"down": {"uv": [7.5, 10, 7, 10.5], "texture": "#0"}
			}
		},
		{
			"from": [7.5, -5.8, 2.6],
			"to": [8.5, 6.6, 13.4],
			"rotation": {"angle": 0, "axis": "y", "origin": [7, 17.4, 7]},
			"faces": {
				"north": {"uv": [8, 9, 8.25, 12.5], "texture": "#0"},
				"east": {"uv": [0, 0, 2.75, 3.5], "texture": "#0"},
				"south": {"uv": [8.25, 9, 8.5, 12.5], "texture": "#0"},
				"west": {"uv": [2.75, 0, 5.5, 3.5], "texture": "#0"},
				"up": {"uv": [0.75, 12, 0.5, 9.25], "texture": "#0"},
				"down": {"uv": [1, 9.25, 0.75, 12], "texture": "#0"}
			}
		},
		{
			"from": [7.1, -7.3, 3.7],
			"to": [8.9, 6.2, 12.3],
			"rotation": {"angle": 0, "axis": "y", "origin": [7, 17.4, 7]},
			"faces": {
				"north": {"uv": [5.5, 7.75, 6, 11.25], "texture": "#0"},
				"east": {"uv": [0, 3.5, 2.25, 7], "texture": "#0"},
				"south": {"uv": [6, 7.75, 6.5, 11.25], "texture": "#0"},
				"west": {"uv": [2.25, 3.5, 4.5, 7], "texture": "#0"},
				"up": {"uv": [9, 4.5, 8.5, 2.25], "texture": "#0"},
				"down": {"uv": [9.5, 0, 9, 2.25], "texture": "#0"}
			}
		},
		{
			"from": [7.6, 5.9, 3.2],
			"to": [8.4, 16, 12.8],
			"rotation": {"angle": 0, "axis": "y", "origin": [7, 32.4, 7]},
			"faces": {
				"north": {"uv": [9.5, 8.75, 9.75, 11], "texture": "#0"},
				"east": {"uv": [4.5, 3.5, 7, 5.75], "texture": "#0"},
				"south": {"uv": [9.75, 1.25, 10, 3.5], "texture": "#0"},
				"west": {"uv": [5.5, 0, 8, 2.25], "texture": "#0"},
				"up": {"uv": [2.75, 11.75, 2.5, 9.25], "texture": "#0"},
				"down": {"uv": [3, 9.25, 2.75, 11.75], "texture": "#0"}
			}
		},
		{
			"from": [7, 6.3, 4.2],
			"to": [9, 15.6, 11.8],
			"rotation": {"angle": 0, "axis": "y", "origin": [7, 32.4, 7]},
			"faces": {
				"north": {"uv": [8, 0, 8.5, 2.25], "texture": "#0"},
				"east": {"uv": [0, 7, 2, 9.25], "texture": "#0"},
				"south": {"uv": [8.5, 0, 9, 2.25], "texture": "#0"},
				"west": {"uv": [2, 7, 4, 9.25], "texture": "#0"},
				"up": {"uv": [9.5, 9.25, 9, 7.25], "texture": "#0"},
				"down": {"uv": [8, 9, 7.5, 11], "texture": "#0"}
			}
		},
		{
			"from": [7.8, 23.1, 4.8],
			"to": [8.2, 29, 11.2],
			"rotation": {"angle": 0, "axis": "y", "origin": [7, 42.3, 7]},
			"faces": {
				"north": {"uv": [10, 0, 10.25, 1.25], "texture": "#0"},
				"east": {"uv": [5.5, 2.25, 7, 3.5], "texture": "#0"},
				"south": {"uv": [10, 1.25, 10.25, 2.5], "texture": "#0"},
				"west": {"uv": [7, 4.25, 8.5, 5.5], "texture": "#0"},
				"up": {"uv": [5.5, 11.25, 5.25, 9.75], "texture": "#0"},
				"down": {"uv": [10, 8.75, 9.75, 10.25], "texture": "#0"}
			}
		},
		{
			"from": [7.2, 23.1, 5.7],
			"to": [8.8, 28.4, 10.3],
			"rotation": {"angle": 0, "axis": "y", "origin": [7, 42.3, 7]},
			"faces": {
				"north": {"uv": [8.5, 4.5, 9, 5.75], "texture": "#0"},
				"east": {"uv": [6.5, 7.75, 7.75, 9], "texture": "#0"},
				"south": {"uv": [1, 9.25, 1.5, 10.5], "texture": "#0"},
				"west": {"uv": [7.75, 7.75, 9, 9], "texture": "#0"},
				"up": {"uv": [2, 10.5, 1.5, 9.25], "texture": "#0"},
				"down": {"uv": [2.5, 9.25, 2, 10.5], "texture": "#0"}
			}
		},
		{
			"from": [7.8, 28.2, 6.2],
			"to": [8.2, 32, 9.8],
			"rotation": {"angle": 0, "axis": "y", "origin": [7, 44.6, 7]},
			"faces": {
				"north": {"uv": [10, 2.5, 10.25, 3.5], "texture": "#0"},
				"east": {"uv": [9, 6.25, 10, 7.25], "texture": "#0"},
				"south": {"uv": [10, 3.5, 10.25, 4.5], "texture": "#0"},
				"west": {"uv": [6.5, 9, 7.5, 10], "texture": "#0"},
				"up": {"uv": [10.25, 5.5, 10, 4.5], "texture": "#0"},
				"down": {"uv": [10.25, 6.25, 10, 7.25], "texture": "#0"}
			}
		},
		{
			"from": [7.2, 28.3, 6.7],
			"to": [8.8, 31, 9.3],
			"rotation": {"angle": 0, "axis": "y", "origin": [7, 44.6, 7]},
			"faces": {
				"north": {"uv": [4, 7, 4.5, 7.75], "texture": "#0"},
				"east": {"uv": [9.5, 7.25, 10.25, 8], "texture": "#0"},
				"south": {"uv": [4.25, 9.75, 4.75, 10.5], "texture": "#0"},
				"west": {"uv": [9.5, 8, 10.25, 8.75], "texture": "#0"},
				"up": {"uv": [5.25, 10.5, 4.75, 9.75], "texture": "#0"},
				"down": {"uv": [10.25, 5.5, 9.75, 6.25], "texture": "#0"}
			}
		},
		{
			"from": [6.7, -7.4, 7.5],
			"to": [9.3, 31.2, 8.5],
			"rotation": {"angle": 0, "axis": "y", "origin": [7, 44.6, 7]},
			"faces": {
				"north": {"uv": [4, 7, 4.5, 7.75], "texture": "#0"},
				"east": {"uv": [9.5, 7.25, 10.25, 8], "texture": "#0"},
				"south": {"uv": [4.25, 9.75, 4.75, 10.5], "texture": "#0"},
				"west": {"uv": [9.5, 8, 10.25, 8.75], "texture": "#0"},
				"up": {"uv": [5.25, 10.5, 4.75, 9.75], "texture": "#0"},
				"down": {"uv": [10.25, 5.5, 9.75, 6.25], "texture": "#0"}
			}
		},
		{
			"from": [7.1, 15.5, 5.2],
			"to": [8.9, 23.2, 10.8],
			"rotation": {"angle": 0, "axis": "y", "origin": [7, 35.8, 7]},
			"faces": {
				"north": {"uv": [9, 2.25, 9.5, 4.25], "texture": "#0"},
				"east": {"uv": [7, 2.25, 8.5, 4.25], "texture": "#0"},
				"south": {"uv": [9, 4.25, 9.5, 6.25], "texture": "#0"},
				"west": {"uv": [4, 7.75, 5.5, 9.75], "texture": "#0"},
				"up": {"uv": [9, 10.5, 8.5, 9], "texture": "#0"},
				"down": {"uv": [0.5, 9.25, 0, 10.75], "texture": "#0"}
			}
		},
		{
			"from": [7.7, 15.2, 3.6],
			"to": [8.3, 23.5, 12.4],
			"rotation": {"angle": 0, "axis": "y", "origin": [7, 35.8, 7]},
			"faces": {
				"north": {"uv": [9.75, 3.5, 10, 5.5], "texture": "#0"},
				"east": {"uv": [4.5, 5.75, 6.75, 7.75], "texture": "#0"},
				"south": {"uv": [4, 9.75, 4.25, 11.75], "texture": "#0"},
				"west": {"uv": [6.75, 5.75, 9, 7.75], "texture": "#0"},
				"up": {"uv": [9.75, 3.5, 9.5, 1.25], "texture": "#0"},
				"down": {"uv": [9.75, 3.5, 9.5, 5.75], "texture": "#0"}
			}
		}
	],
	"display": {
		"thirdperson_righthand": {
			"translation": [0, 15.5, 1.25]
		},
		"thirdperson_lefthand": {
			"translation": [0, 15.5, 1.5]
		},
		"firstperson_righthand": {
			"rotation": [-52.75, 0, 0],
			"translation": [6.25, 7.25, -12.75]
		},
		"firstperson_lefthand": {
			"rotation": [-49.75, 0, 0],
			"translation": [10.5, 3.25, -16.5]
		},
		"gui": {
			"rotation": [85.61, 46.67, -86.84],
			"scale": [1, 0.36523, 0.43164]
		}
	}
}