{
	"format_version": "1.21.6",
	"credit": "Made with Blockbench",
	"texture_size": [32, 32],
	"textures": {
		"0": "block/killer1",
		"particle": "block/killer1"
	},
	"elements": [
		{
			"from": [7.1, -13.5, 6.1],
			"to": [8.9, -3.1, 7.9],
			"rotation": {"angle": 0, "axis": "y", "origin": [7, -12, 6]},
			"faces": {
				"north": {"uv": [0, 3.5, 1, 8.5], "texture": "#0"},
				"east": {"uv": [1, 3.5, 2, 8.5], "texture": "#0"},
				"south": {"uv": [2, 3.5, 3, 8.5], "texture": "#0"},
				"west": {"uv": [3, 3.5, 4, 8.5], "texture": "#0"},
				"up": {"uv": [11, 5, 10, 4], "texture": "#0"},
				"down": {"uv": [11, 10, 10, 11], "texture": "#0"}
			}
		},
		{
			"from": [5.7, -3.1, 3.7],
			"to": [10.3, -1.7, 10.5],
			"rotation": {"angle": 0, "axis": "y", "origin": [7, 0.9, 5.4]},
			"faces": {
				"north": {"uv": [9, 3, 11.5, 3.5], "texture": "#0"},
				"east": {"uv": [8, 5, 11.5, 5.5], "texture": "#0"},
				"south": {"uv": [9, 3.5, 11.5, 4], "texture": "#0"},
				"west": {"uv": [8, 5.5, 11.5, 6], "texture": "#0"},
				"up": {"uv": [2.5, 3.5, 0, 0], "texture": "#0"},
				"down": {"uv": [5, 0, 2.5, 3.5], "texture": "#0"}
			}
		},
		{
			"from": [7.6, -1.8, 4.4],
			"to": [8.4, 1.5, 9.7],
			"rotation": {"angle": 0, "axis": "y", "origin": [7, 2.2, 5.3]},
			"faces": {
				"north": {"uv": [11, 0, 11.5, 1.5], "texture": "#0"},
				"east": {"uv": [5.5, 3, 8, 4.5], "texture": "#0"},
				"south": {"uv": [11, 1.5, 11.5, 3], "texture": "#0"},
				"west": {"uv": [5.5, 4.5, 8, 6], "texture": "#0"},
				"up": {"uv": [1.5, 12.5, 1, 10], "texture": "#0"},
				"down": {"uv": [2, 10, 1.5, 12.5], "texture": "#0"}
			}
		},
		{
			"from": [7.6, 1.4, 7.5],
			"to": [8.4, 5.6, 10.1],
			"rotation": {"angle": 0, "axis": "y", "origin": [7, 5.4, 7.3]},
			"faces": {
				"north": {"uv": [8, 10, 8.5, 12], "texture": "#0"},
				"east": {"uv": [4, 6.5, 5.5, 8.5], "texture": "#0"},
				"south": {"uv": [10, 8, 10.5, 10], "texture": "#0"},
				"west": {"uv": [7, 6, 8.5, 8], "texture": "#0"},
				"up": {"uv": [7.5, 12, 7, 10.5], "texture": "#0"},
				"down": {"uv": [11, 7.5, 10.5, 9], "texture": "#0"}
			}
		},
		{
			"from": [7.6, 1.4, 3.9],
			"to": [8.4, 5.6, 6.4],
			"rotation": {"angle": 0, "axis": "y", "origin": [7, 5.4, 3.6]},
			"faces": {
				"north": {"uv": [10, 6, 10.5, 8], "texture": "#0"},
				"east": {"uv": [5.5, 6, 7, 8], "texture": "#0"},
				"south": {"uv": [7.5, 10, 8, 12], "texture": "#0"},
				"west": {"uv": [6.5, 0, 8, 2], "texture": "#0"},
				"up": {"uv": [11, 7.5, 10.5, 6], "texture": "#0"},
				"down": {"uv": [7, 10.5, 6.5, 12], "texture": "#0"}
			}
		},
		{
			"from": [7.7, 13.9, 5.2],
			"to": [8.3, 19.6, 8.7],
			"rotation": {"angle": 0, "axis": "y", "origin": [7, 17.9, 5.4]},
			"faces": {
				"north": {"uv": [5, 8.5, 5.5, 11.5], "texture": "#0"},
				"east": {"uv": [4, 3.5, 5.5, 6.5], "texture": "#0"},
				"south": {"uv": [8.5, 9, 9, 12], "texture": "#0"},
				"west": {"uv": [5, 0, 6.5, 3], "texture": "#0"},
				"up": {"uv": [6, 12, 5.5, 10.5], "texture": "#0"},
				"down": {"uv": [6.5, 10.5, 6, 12], "texture": "#0"}
			}
		},
		{
			"from": [7.8, 19.5, 5.8],
			"to": [8.2, 23.9, 8.1],
			"rotation": {"angle": 0, "axis": "y", "origin": [7, 24.7, 5.5]},
			"faces": {
				"north": {"uv": [4, 10, 4.5, 12], "texture": "#0"},
				"east": {"uv": [7.5, 8, 8.5, 10], "texture": "#0"},
				"south": {"uv": [4.5, 10, 5, 12], "texture": "#0"},
				"west": {"uv": [0, 8.5, 1, 10.5], "texture": "#0"},
				"up": {"uv": [12, 8, 11.5, 7], "texture": "#0"},
				"down": {"uv": [12, 8, 11.5, 9], "texture": "#0"}
			}
		},
		{
			"from": [7.9, 23.6, 6.2],
			"to": [8.1, 25.6, 7.7],
			"rotation": {"angle": 0, "axis": "y", "origin": [7, 27.7, 5.1]},
			"faces": {
				"north": {"uv": [7.5, 2, 8, 3], "texture": "#0"},
				"east": {"uv": [6.5, 2, 7.5, 3], "texture": "#0"},
				"south": {"uv": [10.5, 9, 11, 10], "texture": "#0"},
				"west": {"uv": [9, 4, 10, 5], "texture": "#0"},
				"up": {"uv": [2.5, 12, 2, 11], "texture": "#0"},
				"down": {"uv": [3, 11, 2.5, 12], "texture": "#0"}
			}
		},
		{
			"from": [7.9, 25.6, 6.6],
			"to": [8.1, 27.3, 7.3],
			"rotation": {"angle": 0, "axis": "y", "origin": [7, 29.7, 5.1]},
			"faces": {
				"north": {"uv": [3, 11, 3.5, 12], "texture": "#0"},
				"east": {"uv": [3.5, 11, 4, 12], "texture": "#0"},
				"south": {"uv": [11, 4, 11.5, 5], "texture": "#0"},
				"west": {"uv": [11, 6, 11.5, 7], "texture": "#0"},
				"up": {"uv": [5.5, 3.5, 5, 3], "texture": "#0"},
				"down": {"uv": [10.5, 2.5, 10, 3], "texture": "#0"}
			}
		},
		{
			"from": [7.6, 5.6, 8.7],
			"to": [8.4, 10.5, 11.1],
			"rotation": {"angle": 0, "axis": "y", "origin": [7, 9.6, 8]},
			"faces": {
				"north": {"uv": [9.5, 8.5, 10, 11], "texture": "#0"},
				"east": {"uv": [5.5, 8, 6.5, 10.5], "texture": "#0"},
				"south": {"uv": [10, 0, 10.5, 2.5], "texture": "#0"},
				"west": {"uv": [6.5, 8, 7.5, 10.5], "texture": "#0"},
				"up": {"uv": [12, 6, 11.5, 5], "texture": "#0"},
				"down": {"uv": [12, 6, 11.5, 7], "texture": "#0"}
			}
		},
		{
			"from": [7.6, 5.6, 2.9],
			"to": [8.4, 10.5, 5.2],
			"rotation": {"angle": 0, "axis": "y", "origin": [7, 9.6, 1.5]},
			"faces": {
				"north": {"uv": [9, 9, 9.5, 11.5], "texture": "#0"},
				"east": {"uv": [8, 0, 9, 2.5], "texture": "#0"},
				"south": {"uv": [9.5, 6, 10, 8.5], "texture": "#0"},
				"west": {"uv": [8, 2.5, 9, 5], "texture": "#0"},
				"up": {"uv": [12, 5, 11.5, 4], "texture": "#0"},
				"down": {"uv": [5.5, 11.5, 5, 12.5], "texture": "#0"}
			}
		},
		{
			"from": [7.6, 10.5, 3.7],
			"to": [8.4, 13.9, 6],
			"rotation": {"angle": 0, "axis": "y", "origin": [7, 14.5, 2.7]},
			"faces": {
				"north": {"uv": [0.5, 10.5, 1, 12], "texture": "#0"},
				"east": {"uv": [9, 0, 10, 1.5], "texture": "#0"},
				"south": {"uv": [10.5, 1.5, 11, 3], "texture": "#0"},
				"west": {"uv": [9, 1.5, 10, 3], "texture": "#0"},
				"up": {"uv": [12, 3, 11.5, 2], "texture": "#0"},
				"down": {"uv": [12, 3, 11.5, 4], "texture": "#0"}
			}
		},
		{
			"from": [7.6, 10.5, 7.9],
			"to": [8.4, 13.9, 10.2],
			"rotation": {"angle": 0, "axis": "y", "origin": [7, 14.5, 6.9]},
			"faces": {
				"north": {"uv": [0, 10.5, 0.5, 12], "texture": "#0"},
				"east": {"uv": [8.5, 6, 9.5, 7.5], "texture": "#0"},
				"south": {"uv": [10.5, 0, 11, 1.5], "texture": "#0"},
				"west": {"uv": [8.5, 7.5, 9.5, 9], "texture": "#0"},
				"up": {"uv": [12, 1, 11.5, 0], "texture": "#0"},
				"down": {"uv": [12, 1, 11.5, 2], "texture": "#0"}
			}
		},
		{
			"from": [6.8, 6.8, 5.8],
			"to": [9.2, 9.3, 8.2],
			"rotation": {"angle": 0, "axis": "y", "origin": [7, 9.8, 5.2]},
			"faces": {
				"north": {"uv": [1, 8.5, 2, 10], "texture": "#0"},
				"east": {"uv": [2, 8.5, 3, 10], "texture": "#0"},
				"south": {"uv": [3, 8.5, 4, 10], "texture": "#0"},
				"west": {"uv": [4, 8.5, 5, 10], "texture": "#0"},
				"up": {"uv": [3, 11, 2, 10], "texture": "#0"},
				"down": {"uv": [4, 10, 3, 11], "texture": "#0"}
			}
		},
		{
			"from": [9.1, 7.1, 6.8],
			"to": [9.5, 9, 7.2],
			"rotation": {"angle": 0, "axis": "y", "origin": [8.3, 9.8, 5.2]},
			"faces": {
				"north": {"uv": [10, 11, 10.5, 12], "texture": "#0"},
				"east": {"uv": [11, 10, 11.5, 11], "texture": "#0"},
				"south": {"uv": [10.5, 11, 11, 12], "texture": "#0"},
				"west": {"uv": [11, 11, 11.5, 12], "texture": "#0"},
				"up": {"uv": [12, 10, 11.5, 9.5], "texture": "#0"},
				"down": {"uv": [12, 10, 11.5, 10.5], "texture": "#0"}
			}
		},
		{
			"from": [6.6, 7.1, 6.8],
			"to": [7, 9, 7.2],
			"rotation": {"angle": 0, "axis": "y", "origin": [5.8, 9.8, 5.2]},
			"faces": {
				"north": {"uv": [11, 7, 11.5, 8], "texture": "#0"},
				"east": {"uv": [11, 8, 11.5, 9], "texture": "#0"},
				"south": {"uv": [11, 9, 11.5, 10], "texture": "#0"},
				"west": {"uv": [9.5, 11, 10, 12], "texture": "#0"},
				"up": {"uv": [9.5, 12, 9, 11.5], "texture": "#0"},
				"down": {"uv": [12, 9, 11.5, 9.5], "texture": "#0"}
			}
		}
	],
	"display": {
		"thirdperson_righthand": {
			"translation": [-0.25, 12.75, 3]
		},
		"thirdperson_lefthand": {
			"translation": [-0.5, 13, 3.25]
		},
		"firstperson_righthand": {
			"translation": [1.25, 7, 0],
			"scale": [0.91797, 0.87109, 0.95117]
		},
		"firstperson_lefthand": {
			"translation": [1.75, 8.25, 0],
			"scale": [0.8125, 0.86914, 0.9043]
		},
		"gui": {
			"rotation": [91.21, -51.22, 90.97],
			"translation": [-1.75, 0.75, 0],
			"scale": [1, 0.41016, 0.45313]
		}
	}
}