{
	"format_version": "1.21.6",
	"credit": "Made with Blockbench",
	"textures": {
		"0": "block/runner",
		"1": "block/runner2",
		"2": "block/runner3",
		"particle": "block/runner"
	},
	"elements": [
		{
			"from": [7.4, 12.9, 8.2],
			"to": [9.6, 23.1, 8.8],
			"rotation": {"angle": 0, "axis": "y", "origin": [6.5, 13, 7.3]},
			"faces": {
				"north": {"uv": [0, 0, 2, 10], "texture": "#2"},
				"east": {"uv": [4, 0, 5, 10], "texture": "#2"},
				"south": {"uv": [2, 0, 4, 10], "texture": "#2"},
				"west": {"uv": [5, 0, 6, 10], "texture": "#2"},
				"up": {"uv": [8, 9, 6, 8], "texture": "#2"},
				"down": {"uv": [10, 8, 8, 9], "texture": "#2"}
			}
		},
		{
			"from": [7.9, 27.3, 8.2],
			"to": [9.1, 29.5, 8.8],
			"rotation": {"angle": 0, "axis": "y", "origin": [6.1, 27.4, 7.3]},
			"faces": {
				"north": {"uv": [9, 0, 10, 2], "texture": "#2"},
				"east": {"uv": [9, 2, 10, 4], "texture": "#2"},
				"south": {"uv": [9, 4, 10, 6], "texture": "#2"},
				"west": {"uv": [6, 9, 7, 11], "texture": "#2"},
				"up": {"uv": [10, 8, 9, 7], "texture": "#2"},
				"down": {"uv": [10, 9, 9, 10], "texture": "#2"}
			}
		},
		{
			"from": [7.6, 23.1, 8.2],
			"to": [9.4, 27.3, 8.8],
			"rotation": {"angle": 0, "axis": "y", "origin": [6.3, 23.2, 7.3]},
			"faces": {
				"north": {"uv": [6, 0, 8, 4], "texture": "#2"},
				"east": {"uv": [8, 0, 9, 4], "texture": "#2"},
				"south": {"uv": [6, 4, 8, 8], "texture": "#2"},
				"west": {"uv": [8, 4, 9, 8], "texture": "#2"},
				"up": {"uv": [11, 7, 9, 6], "texture": "#2"},
				"down": {"uv": [9, 9, 7, 10], "texture": "#2"}
			}
		},
		{
			"from": [8.2, 29.5, 8.2],
			"to": [8.8, 30.5, 8.8],
			"rotation": {"angle": 0, "axis": "y", "origin": [5.9, 29.6, 7.3]},
			"faces": {
				"north": {"uv": [0, 10, 1, 11], "texture": "#2"},
				"east": {"uv": [10, 0, 11, 1], "texture": "#2"},
				"south": {"uv": [1, 10, 2, 11], "texture": "#2"},
				"west": {"uv": [10, 1, 11, 2], "texture": "#2"},
				"up": {"uv": [3, 11, 2, 10], "texture": "#2"},
				"down": {"uv": [11, 2, 10, 3], "texture": "#2"}
			}
		},
		{
			"from": [7.7, 4.3, 7.7],
			"to": [9.3, 5.9, 9.3],
			"rotation": {"angle": 0, "axis": "y", "origin": [7.5, 4.1, 7.5]},
			"faces": {
				"north": {"uv": [6, 4, 8, 6], "texture": "#1"},
				"east": {"uv": [6, 6, 8, 8], "texture": "#1"},
				"south": {"uv": [0, 8, 2, 10], "texture": "#1"},
				"west": {"uv": [2, 8, 4, 10], "texture": "#1"},
				"up": {"uv": [6, 10, 4, 8], "texture": "#1"},
				"down": {"uv": [10, 4, 8, 6], "texture": "#1"}
			}
		},
		{
			"from": [4.8, 12.6, 7.6],
			"to": [8.6, 13.4, 9.4],
			"rotation": {"angle": -22.5, "axis": "z", "origin": [7.5, 12.5, 7.5]},
			"faces": {
				"north": {"uv": [6, 0, 12, 1], "texture": "#1"},
				"east": {"uv": [6, 8, 8, 9], "texture": "#1"},
				"south": {"uv": [6, 1, 12, 2], "texture": "#1"},
				"west": {"uv": [8, 6, 10, 7], "texture": "#1"},
				"up": {"uv": [6, 2, 0, 0], "texture": "#1"},
				"down": {"uv": [6, 2, 0, 4], "texture": "#1"}
			}
		},
		{
			"from": [8.3, 11.8, 7.6],
			"to": [12.1, 12.6, 9.4],
			"rotation": {"angle": 22.5, "axis": "z", "origin": [7.5, 12.5, 7.5]},
			"faces": {
				"north": {"uv": [6, 2, 12, 3], "texture": "#1"},
				"east": {"uv": [8, 7, 10, 8], "texture": "#1"},
				"south": {"uv": [6, 3, 12, 4], "texture": "#1"},
				"west": {"uv": [8, 8, 10, 9], "texture": "#1"},
				"up": {"uv": [6, 6, 0, 4], "texture": "#1"},
				"down": {"uv": [6, 6, 0, 8], "texture": "#1"}
			}
		},
		{
			"from": [7.9, 5.8, 7.9],
			"to": [9.1, 13, 9.1],
			"rotation": {"angle": 0, "axis": "y", "origin": [7, -0.1, 7]},
			"faces": {
				"north": {"uv": [0, 0, 1, 13], "texture": "#0"},
				"east": {"uv": [1, 0, 2, 13], "texture": "#0"},
				"south": {"uv": [2, 0, 3, 13], "texture": "#0"},
				"west": {"uv": [3, 0, 4, 13], "texture": "#0"},
				"up": {"uv": [5, 1, 4, 0], "texture": "#0"},
				"down": {"uv": [5, 1, 4, 2], "texture": "#0"}
			}
		}
	],
	"display": {
		"thirdperson_righthand": {
			"rotation": [-53.94, 89.1, 48.82],
			"translation": [-1, -3.5, 3]
		},
		"thirdperson_lefthand": {
			"rotation": [-97.67, -87.82, -97.46],
			"translation": [0.25, -3.75, 2.5]
		},
		"firstperson_righthand": {
			"rotation": [-5.25, 84.5, 0],
			"translation": [0, -3.25, 0],
			"scale": [0.71484, 0.88477, 1]
		},
		"firstperson_lefthand": {
			"rotation": [-8.75, 78.75, 0],
			"translation": [2.25, -2.5, 0],
			"scale": [0.73242, 0.84766, 0.96484]
		},
		"gui": {
			"rotation": [0, 0, -37.75],
			"translation": [-3.75, -4, 0],
			"scale": [0.52539, 0.59961, 1]
		}
	},
	"groups": [
		{
			"name": "group",
			"origin": [7.5, 0.3, 7.5],
			"color": 0,
			"children": [0, 1, 2, 3]
		},
		{
			"name": "group",
			"origin": [7.5, 0.3, 7.5],
			"color": 0,
			"children": [4, 5, 6]
		},
		7
	]
}