{
	"format_version": "1.21.6",
	"credit": "Made with Blockbench",
	"texture_size": [32, 32],
	"textures": {
		"0": "block/thief",
		"particle": "block/thief"
	},
	"elements": [
		{
			"from": [7, 0, 7],
			"to": [9, 7, 9],
			"rotation": {"angle": 0, "axis": "y", "origin": [7, 0, 7]},
			"faces": {
				"north": {"uv": [0, 0, 1, 3.5], "texture": "#0"},
				"east": {"uv": [1, 0, 2, 3.5], "texture": "#0"},
				"south": {"uv": [2, 0, 3, 3.5], "texture": "#0"},
				"west": {"uv": [3, 0, 4, 3.5], "texture": "#0"},
				"down": {"uv": [5, 6, 4, 7], "texture": "#0"}
			}
		},
		{
			"from": [4.6, 7, 6.6],
			"to": [9.2, 7.9, 9.4],
			"rotation": {"angle": 0, "axis": "y", "origin": [7, 7, 7]},
			"faces": {
				"north": {"uv": [5.5, 4.5, 7.5, 5], "texture": "#0"},
				"east": {"uv": [6.5, 3, 8, 3.5], "texture": "#0"},
				"south": {"uv": [5.5, 5, 7.5, 5.5], "texture": "#0"},
				"west": {"uv": [6.5, 3.5, 8, 4], "texture": "#0"},
				"up": {"uv": [2, 5, 0, 3.5], "texture": "#0"},
				"down": {"uv": [4, 3.5, 2, 5], "texture": "#0"}
			}
		},
		{
			"from": [5.6, 7.8, 7.6],
			"to": [9, 11.1, 8.4],
			"rotation": {"angle": 0, "axis": "y", "origin": [7, 7.8, 7]},
			"faces": {
				"north": {"uv": [4, 3, 5.5, 4.5], "texture": "#0"},
				"east": {"uv": [3.5, 6.5, 4, 8], "texture": "#0"},
				"south": {"uv": [4, 4.5, 5.5, 6], "texture": "#0"},
				"west": {"uv": [5.5, 6.5, 6, 8], "texture": "#0"},
				"up": {"uv": [8, 4.5, 6.5, 4], "texture": "#0"}
			}
		},
		{
			"from": [6.1, 11.1, 7.6],
			"to": [9, 14.4, 8.4],
			"rotation": {"angle": 0, "axis": "y", "origin": [7, 11.1, 7]},
			"faces": {
				"north": {"uv": [4, 0, 5.5, 1.5], "texture": "#0"},
				"east": {"uv": [5, 6, 5.5, 7.5], "texture": "#0"},
				"south": {"uv": [4, 1.5, 5.5, 3], "texture": "#0"},
				"west": {"uv": [0, 6.5, 0.5, 8], "texture": "#0"},
				"up": {"uv": [2, 7, 0.5, 6.5], "texture": "#0"}
			}
		},
		{
			"from": [6.5, 14.4, 7.6],
			"to": [9, 17.7, 8.4],
			"rotation": {"angle": 0, "axis": "y", "origin": [7, 14.4, 7]},
			"faces": {
				"north": {"uv": [0, 5, 1.5, 6.5], "texture": "#0"},
				"east": {"uv": [7, 0, 7.5, 1.5], "texture": "#0"},
				"south": {"uv": [1.5, 5, 3, 6.5], "texture": "#0"},
				"west": {"uv": [0.5, 7, 1, 8.5], "texture": "#0"},
				"up": {"uv": [2.5, 7.5, 1, 7], "texture": "#0"}
			}
		},
		{
			"from": [7.1, 17.7, 7.6],
			"to": [9, 21, 8.4],
			"rotation": {"angle": 0, "axis": "y", "origin": [7, 17.7, 7]},
			"faces": {
				"north": {"uv": [3, 5, 4, 6.5], "texture": "#0"},
				"east": {"uv": [6, 6.5, 6.5, 8], "texture": "#0"},
				"south": {"uv": [5.5, 3, 6.5, 4.5], "texture": "#0"},
				"west": {"uv": [6.5, 6, 7, 7.5], "texture": "#0"},
				"up": {"uv": [8, 2.5, 7, 2], "texture": "#0"}
			}
		},
		{
			"from": [7.6, 21, 7.6],
			"to": [9, 22.5, 8.4],
			"rotation": {"angle": 0, "axis": "y", "origin": [7, 21, 7]},
			"faces": {
				"north": {"uv": [1.5, 7.5, 2, 8.5], "texture": "#0"},
				"east": {"uv": [2, 7.5, 2.5, 8.5], "texture": "#0"},
				"south": {"uv": [7.5, 4.5, 8, 5.5], "texture": "#0"},
				"west": {"uv": [5, 7.5, 5.5, 8.5], "texture": "#0"},
				"up": {"uv": [7, 8, 6.5, 7.5], "texture": "#0"}
			}
		},
		{
			"from": [8.3, 22.4, 7.6],
			"to": [9, 23.9, 8.4],
			"rotation": {"angle": 0, "axis": "y", "origin": [7, 22.4, 7]},
			"faces": {
				"north": {"uv": [7, 6, 7.5, 7], "texture": "#0"},
				"east": {"uv": [7, 7, 7.5, 8], "texture": "#0"},
				"south": {"uv": [7.5, 0, 8, 1], "texture": "#0"},
				"west": {"uv": [1, 7.5, 1.5, 8.5], "texture": "#0"},
				"up": {"uv": [8, 1.5, 7.5, 1], "texture": "#0"}
			}
		},
		{
			"from": [4.6, 4.1, 6.6],
			"to": [5.6, 7.3, 9.4],
			"rotation": {"angle": 0, "axis": "y", "origin": [7, 5.8, 7]},
			"faces": {
				"north": {"uv": [2.5, 7, 3, 8.5], "texture": "#0"},
				"east": {"uv": [5.5, 0, 7, 1.5], "texture": "#0"},
				"south": {"uv": [3, 7, 3.5, 8.5], "texture": "#0"},
				"west": {"uv": [5.5, 1.5, 7, 3], "texture": "#0"},
				"down": {"uv": [5, 7, 4.5, 8.5], "texture": "#0"}
			}
		}
	],
	"display": {
		"thirdperson_righthand": {
			"rotation": [16.36, -89.06, 19.24],
			"translation": [-0.25, 0.5, 1.25],
			"scale": [0.61328, 0.48242, 1]
		},
		"thirdperson_lefthand": {
			"rotation": [142.25, 86.84, -141.45],
			"translation": [-0.5, 1, 1.25],
			"scale": [0.71094, 0.54492, 0.61523]
		},
		"firstperson_righthand": {
			"rotation": [-180, -76.75, -180],
			"translation": [3, 0, 0],
			"scale": [1, 0.72266, 0.83008]
		},
		"firstperson_lefthand": {
			"rotation": [0, 72, 0],
			"translation": [3.75, 0, 0],
			"scale": [1, 0.83984, 0.65625]
		},
		"gui": {
			"rotation": [0, 0, 47.5],
			"translation": [0.5, -1.75, 0],
			"scale": [0.79883, 0.61914, 1]
		}
	}
}