{
	"format_version": "1.21.6",
	"credit": "Made with Blockbench",
	"texture_size": [64, 64],
	"textures": {
		"0": "block/warx1",
		"1": "block/warx3",
		"particle": "block/warx1"
	},
	"elements": [
		{
			"from": [7, -12.8, 7],
			"to": [9, -3.7, 9],
			"rotation": {"angle": 0, "axis": "y", "origin": [7, 0, 7]},
			"faces": {
				"north": {"uv": [6, 0, 7, 4.5], "texture": "#0"},
				"east": {"uv": [6, 4.5, 7, 9], "texture": "#0"},
				"south": {"uv": [4, 6.5, 5, 11], "texture": "#0"},
				"west": {"uv": [5, 6.5, 6, 11], "texture": "#0"},
				"up": {"uv": [10.5, 8.5, 9.5, 7.5], "texture": "#0"},
				"down": {"uv": [10.5, 8.5, 9.5, 9.5], "texture": "#0"}
			}
		},
		{
			"from": [6.25, -3.8, 5],
			"to": [9.75, -2.4, 11],
			"rotation": {"angle": 0, "axis": "y", "origin": [7, -3.8, 7]},
			"faces": {
				"north": {"uv": [10, 10, 12, 10.5], "texture": "#0"},
				"east": {"uv": [9, 3.5, 12, 4], "texture": "#0"},
				"south": {"uv": [0, 10.5, 2, 11], "texture": "#0"},
				"west": {"uv": [9, 4, 12, 4.5], "texture": "#0"},
				"up": {"uv": [4, 7, 2, 4], "texture": "#0"},
				"down": {"uv": [6, 3.5, 4, 6.5], "texture": "#0"}
			}
		},
		{
			"from": [5.95, -2.6, 3.1],
			"to": [10.05, 4.6, 12.9],
			"rotation": {"angle": 0, "axis": "y", "origin": [7, -2.4, 7]},
			"faces": {
				"north": {"uv": [6.5, 0, 7.5, 1.75], "texture": "#1"},
				"east": {"uv": [4, 0, 6.5, 1.75], "texture": "#1"},
				"south": {"uv": [6.5, 1.75, 7.5, 3.5], "texture": "#1"},
				"west": {"uv": [4, 1.75, 6.5, 3.5], "texture": "#1"},
				"up": {"uv": [2, 6.75, 1, 4.25], "texture": "#1"},
				"down": {"uv": [3, 4.25, 2, 6.75], "texture": "#1"}
			}
		},
		{
			"from": [5.35, 0.5, 4.5],
			"to": [6.05, 1.5, 11.5],
			"rotation": {"angle": 0, "axis": "y", "origin": [4.7, -2.4, 7]},
			"faces": {
				"north": {"uv": [7, 7.5, 7.25, 7.75], "texture": "#1"},
				"east": {"uv": [7.5, 1.75, 9.25, 2], "texture": "#1"},
				"south": {"uv": [7.25, 7.5, 7.5, 7.75], "texture": "#1"},
				"west": {"uv": [7.5, 2, 9.25, 2.25], "texture": "#1"},
				"up": {"uv": [2, 9.25, 1.75, 7.5], "texture": "#1"},
				"down": {"uv": [2.25, 7.5, 2, 9.25], "texture": "#1"}
			}
		},
		{
			"from": [4.85, 0, 6.8],
			"to": [6.05, 2, 9.2],
			"rotation": {"angle": 0, "axis": "y", "origin": [4.7, -2.4, 7]},
			"faces": {
				"north": {"uv": [7.5, 4.5, 7.75, 5], "texture": "#1"},
				"east": {"uv": [7.5, 3.5, 8, 4], "texture": "#1"},
				"south": {"uv": [7.5, 5, 7.75, 5.5], "texture": "#1"},
				"west": {"uv": [7.5, 4, 8, 4.5], "texture": "#1"},
				"up": {"uv": [7.75, 6, 7.5, 5.5], "texture": "#1"},
				"down": {"uv": [7.75, 6, 7.5, 6.5], "texture": "#1"}
			}
		},
		{
			"from": [5.35, -1.7, 7.3],
			"to": [6.05, 3.7, 8.7],
			"rotation": {"angle": 0, "axis": "y", "origin": [4.7, -2.4, 7]},
			"faces": {
				"north": {"uv": [2.25, 7.5, 2.5, 8.75], "texture": "#1"},
				"east": {"uv": [7.5, 2.25, 7.75, 3.5], "texture": "#1"},
				"south": {"uv": [2.5, 7.5, 2.75, 8.75], "texture": "#1"},
				"west": {"uv": [2.75, 7.5, 3, 8.75], "texture": "#1"},
				"up": {"uv": [7.75, 7.75, 7.5, 7.5], "texture": "#1"},
				"down": {"uv": [8, 2.25, 7.75, 2.5], "texture": "#1"}
			}
		},
		{
			"from": [6, 4.5, 4.1],
			"to": [10, 21.8, 11.9],
			"rotation": {"angle": 0, "axis": "y", "origin": [7, 4.7, 7]},
			"faces": {
				"north": {"uv": [4, 3.5, 5, 7.75], "texture": "#1"},
				"east": {"uv": [0, 0, 2, 4.25], "texture": "#1"},
				"south": {"uv": [0, 4.25, 1, 8.5], "texture": "#1"},
				"west": {"uv": [2, 0, 4, 4.25], "texture": "#1"},
				"up": {"uv": [4, 6.25, 3, 4.25], "texture": "#1"},
				"down": {"uv": [4, 6.25, 3, 8.25], "texture": "#1"}
			}
		},
		{
			"from": [6.25, 21.8, 5.1],
			"to": [9.75, 27.8, 10.9],
			"rotation": {"angle": 0, "axis": "y", "origin": [7, 17.7, 7]},
			"faces": {
				"north": {"uv": [6.5, 3.5, 7.5, 5], "texture": "#1"},
				"east": {"uv": [5, 3.5, 6.5, 5], "texture": "#1"},
				"south": {"uv": [5, 6.5, 6, 8], "texture": "#1"},
				"west": {"uv": [5, 5, 6.5, 6.5], "texture": "#1"},
				"up": {"uv": [7.5, 6.5, 6.5, 5], "texture": "#1"},
				"down": {"uv": [7, 6.5, 6, 8], "texture": "#1"}
			}
		},
		{
			"from": [6.75, 27.7, 5.9],
			"to": [9.25, 30.3, 10.1],
			"rotation": {"angle": 0, "axis": "y", "origin": [7, 22.7, 7]},
			"faces": {
				"north": {"uv": [1, 7.5, 1.75, 8.25], "texture": "#1"},
				"east": {"uv": [1, 6.75, 2, 7.5], "texture": "#1"},
				"south": {"uv": [7.5, 1, 8.25, 1.75], "texture": "#1"},
				"west": {"uv": [2, 6.75, 3, 7.5], "texture": "#1"},
				"up": {"uv": [7.75, 7.5, 7, 6.5], "texture": "#1"},
				"down": {"uv": [8.25, 0, 7.5, 1], "texture": "#1"}
			}
		},
		{
			"from": [6.25, -3, 10.3],
			"to": [9.75, -1.8, 14.3],
			"rotation": {"angle": 0, "axis": "y", "origin": [7, -2.6, 12.3]},
			"faces": {
				"north": {"uv": [10.5, 1, 12.5, 1.5], "texture": "#0"},
				"east": {"uv": [10.5, 1.5, 12.5, 2], "texture": "#0"},
				"south": {"uv": [10.5, 2, 12.5, 2.5], "texture": "#0"},
				"west": {"uv": [10.5, 4.5, 12.5, 5], "texture": "#0"},
				"up": {"uv": [9, 4, 7, 2], "texture": "#0"},
				"down": {"uv": [9, 4, 7, 6], "texture": "#0"}
			}
		},
		{
			"from": [6.25, -2.1, 13.8],
			"to": [9.75, -1.3, 14.8],
			"rotation": {"angle": 0, "axis": "x", "origin": [7, -1.7, 14.9]},
			"faces": {
				"north": {"uv": [10.5, 5, 12.5, 5.5], "texture": "#0"},
				"east": {"uv": [1.5, 7.5, 2, 8], "texture": "#0"},
				"south": {"uv": [10.5, 5.5, 12.5, 6], "texture": "#0"},
				"west": {"uv": [1.5, 8, 2, 8.5], "texture": "#0"},
				"up": {"uv": [8, 11, 6, 10.5], "texture": "#0"},
				"down": {"uv": [12.5, 6, 10.5, 6.5], "texture": "#0"}
			}
		},
		{
			"from": [6.25, -2.1, 0.9],
			"to": [9.75, -1.3, 1.9],
			"rotation": {"angle": 0, "axis": "x", "origin": [7, -1.7, 2]},
			"faces": {
				"north": {"uv": [10.5, 6.5, 12.5, 7], "texture": "#0"},
				"east": {"uv": [1.5, 8.5, 2, 9], "texture": "#0"},
				"south": {"uv": [10.5, 7, 12.5, 7.5], "texture": "#0"},
				"west": {"uv": [3.5, 9, 4, 9.5], "texture": "#0"},
				"up": {"uv": [12.5, 8, 10.5, 7.5], "texture": "#0"},
				"down": {"uv": [10, 10.5, 8, 11], "texture": "#0"}
			}
		},
		{
			"from": [6.25, -3, 1.5],
			"to": [9.75, -1.8, 5.5],
			"rotation": {"angle": 0, "axis": "y", "origin": [7, -2.6, 3.5]},
			"faces": {
				"north": {"uv": [9.5, 9.5, 11.5, 10], "texture": "#0"},
				"east": {"uv": [0, 10, 2, 10.5], "texture": "#0"},
				"south": {"uv": [6, 10, 8, 10.5], "texture": "#0"},
				"west": {"uv": [8, 10, 10, 10.5], "texture": "#0"},
				"up": {"uv": [9, 2, 7, 0], "texture": "#0"},
				"down": {"uv": [4, 7, 2, 9], "texture": "#0"}
			}
		},
		{
			"from": [6.75, -13.4, 6.5],
			"to": [9.25, -11.9, 9.5],
			"rotation": {"angle": 0, "axis": "y", "origin": [7, -13.4, 7]},
			"faces": {
				"north": {"uv": [0, 11, 1.5, 11.5], "texture": "#0"},
				"east": {"uv": [3.5, 11, 5, 11.5], "texture": "#0"},
				"south": {"uv": [5, 11, 6.5, 11.5], "texture": "#0"},
				"west": {"uv": [6.5, 11, 8, 11.5], "texture": "#0"},
				"up": {"uv": [1.5, 9, 0, 7.5], "texture": "#0"},
				"down": {"uv": [10.5, 1, 9, 2.5], "texture": "#0"}
			}
		},
		{
			"from": [7.15, -14.5, 6.8],
			"to": [8.85, -13.4, 9.2],
			"rotation": {"angle": 0, "axis": "y", "origin": [7, -15.4, 7]},
			"faces": {
				"north": {"uv": [1.5, 11, 2.5, 11.5], "texture": "#0"},
				"east": {"uv": [8, 11, 9, 11.5], "texture": "#0"},
				"south": {"uv": [9, 11, 10, 11.5], "texture": "#0"},
				"west": {"uv": [10, 11, 11, 11.5], "texture": "#0"},
				"up": {"uv": [8.5, 10, 7.5, 9], "texture": "#0"},
				"down": {"uv": [9.5, 9, 8.5, 10], "texture": "#0"}
			}
		},
		{
			"from": [6.85, -11.9, 6.8],
			"to": [9.15, -11.1, 9.2],
			"rotation": {"angle": 0, "axis": "y", "origin": [7, -13.1, 7]},
			"faces": {
				"north": {"uv": [11, 11, 12, 11.5], "texture": "#0"},
				"east": {"uv": [0, 11.5, 1, 12], "texture": "#0"},
				"south": {"uv": [11.5, 0, 12.5, 0.5], "texture": "#0"},
				"west": {"uv": [11.5, 0.5, 12.5, 1], "texture": "#0"},
				"up": {"uv": [10.5, 6.5, 9.5, 5.5], "texture": "#0"},
				"down": {"uv": [10.5, 6.5, 9.5, 7.5], "texture": "#0"}
			}
		}
	],
	"display": {
		"thirdperson_righthand": {
			"translation": [0, 12.25, 1.5]
		},
		"thirdperson_lefthand": {
			"translation": [-0.5, 12, 2.25]
		},
		"firstperson_righthand": {
			"rotation": [-17, 0, 0],
			"translation": [3.5, 7, -3],
			"scale": [0.94727, 0.8125, 0.71289]
		},
		"firstperson_lefthand": {
			"rotation": [-10.75, 0, 0],
			"translation": [3.25, 6.5, -2.5],
			"scale": [0.90234, 0.63672, 0.70313]
		},
		"gui": {
			"rotation": [-79.68, 47.3, 82.4],
			"scale": [1, 0.39648, 0.39063]
		},
		"head": {
			"rotation": [-86.52, -50.02, 92.71],
			"translation": [-1.5, -15.25, 5]
		}
	}
}