{
	"format_version": "1.21.6",
	"credit": "Made with Blockbench",
	"texture_size": [32, 32],
	"textures": {
		"0": "block/wiz",
		"particle": "block/wiz"
	},
	"elements": [
		{
			"from": [7.2, -0.5, 7.2],
			"to": [8.8, 16.1, 8.8],
			"rotation": {"angle": 0, "axis": "y", "origin": [7, 0.3, 7]},
			"faces": {
				"north": {"uv": [0, 0, 1, 8.5], "texture": "#0"},
				"east": {"uv": [1, 0, 2, 8.5], "texture": "#0"},
				"south": {"uv": [2, 0, 3, 8.5], "texture": "#0"},
				"west": {"uv": [3, 0, 4, 8.5], "texture": "#0"},
				"down": {"uv": [8, 9, 7, 10], "texture": "#0"}
			}
		},
		{
			"from": [7.3, -7.4, 7.3],
			"to": [8.7, 0, 8.7],
			"rotation": {"angle": 0, "axis": "y", "origin": [7, -15.7, 7]},
			"faces": {
				"north": {"uv": [4, 0, 5, 4], "texture": "#0"},
				"east": {"uv": [4, 4, 5, 8], "texture": "#0"},
				"south": {"uv": [5, 0, 6, 4], "texture": "#0"},
				"west": {"uv": [5, 4, 6, 8], "texture": "#0"},
				"down": {"uv": [9, 9, 8, 10], "texture": "#0"}
			}
		},
		{
			"from": [7.4, -14.3, 7.4],
			"to": [8.6, -7.1, 8.6],
			"rotation": {"angle": 0, "axis": "y", "origin": [7, -22.7, 7]},
			"faces": {
				"north": {"uv": [6, 0, 7, 4], "texture": "#0"},
				"east": {"uv": [6, 4, 7, 8], "texture": "#0"},
				"south": {"uv": [7, 0, 8, 4], "texture": "#0"},
				"west": {"uv": [7, 4, 8, 8], "texture": "#0"},
				"down": {"uv": [10, 9, 9, 10], "texture": "#0"}
			}
		},
		{
			"name": "hexadecagon",
			"from": [7, 20.00544, 3],
			"to": [9, 21.99456, 4],
			"rotation": {"angle": 0, "axis": "x", "origin": [8, 21, 8]},
			"faces": {
				"north": {"uv": [8, 0, 9, 1], "texture": "#0"},
				"east": {"uv": [0, 9.5, 0.5, 10.5], "texture": "#0"},
				"south": {"uv": [8, 1, 9, 2], "texture": "#0"},
				"west": {"uv": [0.5, 9.5, 1, 10.5], "texture": "#0"},
				"down": {"uv": [3, 9.5, 2, 10], "texture": "#0"}
			}
		},
		{
			"name": "hexadecagon",
			"from": [7, 20.00544, 3],
			"to": [9, 21.99456, 4],
			"rotation": {"angle": 22.5, "axis": "x", "origin": [8, 21, 8]},
			"faces": {
				"north": {"uv": [8, 2, 9, 3], "texture": "#0"},
				"east": {"uv": [3, 9.5, 3.5, 10.5], "texture": "#0"},
				"south": {"uv": [8, 3, 9, 4], "texture": "#0"},
				"west": {"uv": [3.5, 9.5, 4, 10.5], "texture": "#0"}
			}
		},
		{
			"name": "hexadecagon",
			"from": [7, 20.00544, 3],
			"to": [9, 21.99456, 4],
			"rotation": {"angle": 45, "axis": "x", "origin": [8, 21, 8]},
			"faces": {
				"north": {"uv": [4, 8, 5, 9], "texture": "#0"},
				"east": {"uv": [1, 10, 1.5, 11], "texture": "#0"},
				"south": {"uv": [8, 4, 9, 5], "texture": "#0"},
				"west": {"uv": [10, 1, 10.5, 2], "texture": "#0"}
			}
		},
		{
			"name": "hexadecagon",
			"from": [7, 20.00544, 12],
			"to": [9, 21.99456, 13],
			"rotation": {"angle": -45, "axis": "x", "origin": [8, 21, 8]},
			"faces": {
				"north": {"uv": [5, 8, 6, 9], "texture": "#0"},
				"east": {"uv": [2.5, 10, 3, 11], "texture": "#0"},
				"south": {"uv": [8, 5, 9, 6], "texture": "#0"},
				"west": {"uv": [10, 2.5, 10.5, 3.5], "texture": "#0"}
			}
		},
		{
			"name": "hexadecagon",
			"from": [7, 20.00544, 12],
			"to": [9, 21.99456, 13],
			"rotation": {"angle": -22.5, "axis": "x", "origin": [8, 21, 8]},
			"faces": {
				"north": {"uv": [6, 8, 7, 9], "texture": "#0"},
				"east": {"uv": [10, 4, 10.5, 5], "texture": "#0"},
				"south": {"uv": [8, 6, 9, 7], "texture": "#0"},
				"west": {"uv": [5, 10, 5.5, 11], "texture": "#0"}
			}
		},
		{
			"name": "hexadecagon",
			"from": [7, 20.00544, 12],
			"to": [9, 21.99456, 13],
			"rotation": {"angle": 0, "axis": "x", "origin": [8, 21, 8]},
			"faces": {
				"north": {"uv": [7, 8, 8, 9], "texture": "#0"},
				"east": {"uv": [10, 5.5, 10.5, 6.5], "texture": "#0"},
				"south": {"uv": [8, 7, 9, 8], "texture": "#0"},
				"west": {"uv": [6.5, 10, 7, 11], "texture": "#0"}
			}
		},
		{
			"name": "hexadecagon",
			"from": [7, 20.00544, 12],
			"to": [9, 21.99456, 13],
			"rotation": {"angle": 22.5, "axis": "x", "origin": [8, 21, 8]},
			"faces": {
				"north": {"uv": [8, 8, 9, 9], "texture": "#0"},
				"east": {"uv": [10, 7, 10.5, 8], "texture": "#0"},
				"south": {"uv": [0, 8.5, 1, 9.5], "texture": "#0"},
				"west": {"uv": [8, 10, 8.5, 11], "texture": "#0"}
			}
		},
		{
			"name": "hexadecagon",
			"from": [7, 20.00544, 12],
			"to": [9, 21.99456, 13],
			"rotation": {"angle": 45, "axis": "x", "origin": [8, 21, 8]},
			"faces": {
				"north": {"uv": [1, 8.5, 2, 9.5], "texture": "#0"},
				"east": {"uv": [10, 8.5, 10.5, 9.5], "texture": "#0"},
				"south": {"uv": [2, 8.5, 3, 9.5], "texture": "#0"},
				"west": {"uv": [9.5, 10, 10, 11], "texture": "#0"}
			}
		},
		{
			"name": "hexadecagon",
			"from": [7, 16, 7.00544],
			"to": [9, 17, 8.99456],
			"rotation": {"angle": -22.5, "axis": "x", "origin": [8, 21, 8]},
			"faces": {
				"east": {"uv": [10.5, 1, 11.5, 1.5], "texture": "#0"},
				"west": {"uv": [10.5, 1.5, 11.5, 2], "texture": "#0"},
				"up": {"uv": [4, 9.5, 3, 8.5], "texture": "#0"},
				"down": {"uv": [10, 0, 9, 1], "texture": "#0"}
			}
		},
		{
			"name": "hexadecagon",
			"from": [7, 16, 7.00544],
			"to": [9, 17, 8.99456],
			"rotation": {"angle": 0, "axis": "x", "origin": [8, 21, 8]},
			"faces": {
				"north": {"uv": [10.5, 2.5, 11.5, 3], "texture": "#0"},
				"east": {"uv": [3, 10.5, 4, 11], "texture": "#0"},
				"west": {"uv": [4, 10.5, 5, 11], "texture": "#0"},
				"up": {"uv": [10, 2, 9, 1], "texture": "#0"},
				"down": {"uv": [10, 2, 9, 3], "texture": "#0"}
			}
		},
		{
			"name": "hexadecagon",
			"from": [7, 25, 7.00544],
			"to": [9, 26, 8.99456],
			"rotation": {"angle": -22.5, "axis": "x", "origin": [8, 21, 8]},
			"faces": {
				"east": {"uv": [10.5, 4.5, 11.5, 5], "texture": "#0"},
				"west": {"uv": [10.5, 5.5, 11.5, 6], "texture": "#0"},
				"up": {"uv": [10, 4, 9, 3], "texture": "#0"},
				"down": {"uv": [5, 9, 4, 10], "texture": "#0"}
			}
		},
		{
			"name": "hexadecagon",
			"from": [7, 25, 7.00544],
			"to": [9, 26, 8.99456],
			"rotation": {"angle": 0, "axis": "x", "origin": [8, 21, 8]},
			"faces": {
				"east": {"uv": [7, 10.5, 8, 11], "texture": "#0"},
				"west": {"uv": [10.5, 7.5, 11.5, 8], "texture": "#0"},
				"up": {"uv": [10, 5, 9, 4], "texture": "#0"},
				"down": {"uv": [6, 9, 5, 10], "texture": "#0"}
			}
		},
		{
			"name": "hexadecagon",
			"from": [7, 25, 7.00544],
			"to": [9, 26, 8.99456],
			"rotation": {"angle": 22.5, "axis": "x", "origin": [8, 21, 8]},
			"faces": {
				"east": {"uv": [10.5, 8.5, 11.5, 9], "texture": "#0"},
				"west": {"uv": [10, 10.5, 11, 11], "texture": "#0"},
				"up": {"uv": [10, 6, 9, 5], "texture": "#0"},
				"down": {"uv": [7, 9, 6, 10], "texture": "#0"}
			}
		}
	],
	"display": {
		"thirdperson_righthand": {
			"translation": [-0.25, 1.5, 2]
		},
		"thirdperson_lefthand": {
			"translation": [-0.5, 0.75, 1.75]
		},
		"firstperson_righthand": {
			"rotation": [0, 13.75, 0],
			"translation": [-0.5, -2, 0]
		},
		"firstperson_lefthand": {
			"rotation": [0, 10, 0],
			"translation": [0.25, -2.75, 0]
		},
		"gui": {
			"rotation": [77.58, -41.63, 81.71],
			"scale": [1, 0.45117, 0.49805]
		}
	},
	"groups": [
		0,
		1,
		2,
		{
			"name": "hexadecagon",
			"origin": [8, 8, 8],
			"color": 0,
			"children": [3, 4, 5, 6, 7, 8, 9, 10, 11, 12, 13, 14, 15]
		}
	]
}